NO,ลำดับที่,รหัสครุภัณ์,Column4,type,รหัส GFMIS,ชนิด / รายการครุภัณฑ์,รุ่น,Column12,ผู้รับผิดชอบ,หน่วยงาน,หมายเหตุ
1,0,00019-0002,NO,0,,ขาตั้งทีวีแบบล้อเลื่อนพร้อมชั้นวาง,Sure Vision S4,,,กองนโยบายพัฒนาระบบการเงินภาคประชาชน,สำหรับทีวี (32 - 65 นิ้ว)
2,1,10602-0034,NO,1,,รถเข็น 4 ล้อ,,,,กองนโยบายพัฒนาระบบการเงินภาคประชาชน,
3,1,20101-0043,NO,2,,เครื่องทำน้ำเย็น SHARP,SB-C95,,,กองนโยบายพัฒนาระบบการเงินภาคประชาชน,
4,2,20203-0003,NO,2,1E+11,ตู้เย็น ยี่ห้อ มิตซูบิชิ ขนาด 6.4 คิว,MR-F21D,,,กองนโยบายพัฒนาระบบการเงินภาคประชาชน,
5,3,20302-0003,NO,2,1E+11,หม้อต้มน้ำไฟฟ้า 30 ลิตร,,,,กองนโยบายพัฒนาระบบการเงินภาคประชาชน,"6/10/66
ตราม้าลาย"
6,1,30502-0005,NO,3,1E+11,เครื่องบันทึกข้อมูลวีดีโอ ยี่ห้อ Avermedia,Game Capture HD II,,,กองนโยบายพัฒนาระบบการเงินภาคประชาชน,
7,2,30801-0091,NO,3,1E+11,เครื่องรับโทรทัศน์สี ยี่ห้อ SONY,KDL-55HX750,,,กองนโยบายพัฒนาระบบการเงินภาคประชาชน,"จอประเภทแบ็คไลท์ dynamic Edge LED จนาด5.5""
ความละเอียดในการแสดงผล full HD 
สามารถเชื่อมต่อผ่าน wifi โดยติดตั้งในตัวเครื่อง
พร้อมขาแขวนทีวีเข้ากับผนัง"
8,3,30903-0002,NO,3,1.1E+11,กล้องวีดีโอคอนเฟอร์เรนซ์มุมกว้าง,ยี่ห้อ TENVEO รุ่น TEVO-VA300B,,,กองนโยบายพัฒนาระบบการเงินภาคประชาชน, กล้องวีดีโอคอนเฟอร์เรนซ์มุมกว้าง มีลำโพง ไมค์ ในตัวสำหรับสำหรับประชุมออนไลน์ความละเอียด 4K (3840x2160) UHD พร้อม AI Auto Framing ช่วยตรวจจับใบหน้าและซูมอัตโนมัติให้เห็นผู้เข้าร่วมประชุมทุกคน มุมมองภาพ 120 องศา พร้อมสายนำสัญญาณภาพและเสียงความยาว 10 เมตร
9,2,40101-0013,NO,4,,เครื่องบันทึกเสียง,,,,กองนโยบายพัฒนาระบบการเงินภาคประชาชน,"ได้รับการสนับสนุนจากโคงการให้ความช่วยเหลือทางวิชาการ
ของธนาคารพัฒนาเอเชียในการพัฒนาระบบการเงินฐานราก
ของประเทศไทย
TA7998-THA Development of a Strategic Framework for Financial inclusion in Thailand"
10,3,40101-0014,NO,4,,เครื่องบันทึกเสียง,,,,กองนโยบายพัฒนาระบบการเงินภาคประชาชน,"ได้รับการสนับสนุนจากโคงการให้ความช่วยเหลือทางวิชาการ
ของธนาคารพัฒนาเอเชียในการพัฒนาระบบการเงินฐานราก
ของประเทศไทย
TA7998-THA Development of a Strategic Framework for Financial inclusion in Thailand"
11,4,40101-0015,NO,4,,เครื่องบันทึกเสียง,,,,กองนโยบายพัฒนาระบบการเงินภาคประชาชน,"ได้รับการสนับสนุนจากโคงการให้ความช่วยเหลือทางวิชาการ
ของธนาคารพัฒนาเอเชียในการพัฒนาระบบการเงินฐานราก
ของประเทศไทย
TA7998-THA Development of a Strategic Framework for Financial inclusion in Thailand"
12,5,40101-0016,NO,4,,เครื่องบันทึกเสียง,,,,กองนโยบายพัฒนาระบบการเงินภาคประชาชน,"ได้รับการสนับสนุนจากโคงการให้ความช่วยเหลือทางวิชาการ
ของธนาคารพัฒนาเอเชียในการพัฒนาระบบการเงินฐานราก
ของประเทศไทย
TA7998-THA Development of a Strategic Framework for Financial inclusion in Thailand"
13,6,40101-0017,NO,4,,เครื่องบันทึกเสียง,,,,กองนโยบายพัฒนาระบบการเงินภาคประชาชน,"ได้รับการสนับสนุนจากโคงการให้ความช่วยเหลือทางวิชาการ
ของธนาคารพัฒนาเอเชียในการพัฒนาระบบการเงินฐานราก
ของประเทศไทย
TA7998-THA Development of a Strategic Framework for Financial inclusion in Thailand"
14,7,40201-0047,NO,4,1E+11,ชุดไมโครโฟนประชุม ขนาด 15 ที่นั่ง,ยี่ห้อ DID รุ่น DC 5980P/GM5924,,,กองนโยบายพัฒนาระบบการเงินภาคประชาชน,"พร้อมเครื่องควบคุมการจ่ายกระแสไฟฟ้า ยี่ห้อ DIS รุ่น CU5905
ประธานพร้อมผู้เข้าร่วมประชุม15คน"
15,8,40903-0020,NO,4,1.1E+11,เครื่องผสมสัญญาณเสียง ยี่ห้อ YAMAHA,ยี่ห้อ YAMAHA รุ่น AG06MK2 แบบดิจิตอลมิกเซอร์ มีAudio interface ในเครื่อง,,,กองนโยบายพัฒนาระบบการเงินภาคประชาชน,ยี่ห้อ YAMAHA รุ่น AG06MK2 แบบดิจิตอลมิกเซอร์ มีAudio interface ในเครื่อง พร้อมสายนำสัญญาณคอมพิวเตอร์ ความยาว 10 เมตร และ สายนำสัญญาณเสียงพร้อมปลั๊กหัว-ท้าย ความยาว 1 เมตร
16,1,50901-0005,NO,5,1E+11,ระบบตู้สาขาอัตโนมัติ,ยี่ห้อ Alcatel-Lucent รุ่น Omnipcx Office,,,กองนโยบายพัฒนาระบบการเงินภาคประชาชน,
17,2,50903-0726,NO,5,,เครื่องโทรศัพท์ตั้งโต๊ะ ยี่ห้อ ALCATEL,TEMPORIS25 สีดำ,,,กองนโยบายพัฒนาระบบการเงินภาคประชาชน,6/10/66
18,3,50903-0813,NO,5,,เครื่องโทรศัพท์ ยี่ห้อ PHONIK,PH-3811,,จิรภัทร ซื้อนาวงค์,กองนโยบายพัฒนาระบบการเงินภาคประชาชน,
19,4,50903-0814,NO,5,,เครื่องโทรศัพท์ ยี่ห้อ PHONIK,PH-3811,,เมธี เกลี้ยงนิล,กองนโยบายพัฒนาระบบการเงินภาคประชาชน,
20,5,50903-0815,NO,5,,เครื่องโทรศัพท์ ยี่ห้อ PHONIK,PH-3811,,เชิญตะวัน อรมุตร,กองนโยบายพัฒนาระบบการเงินภาคประชาชน,
21,6,50903-0816,NO,5,,เครื่องโทรศัพท์ ยี่ห้อ PHONIK,PH-3811,,ภูผา ก๋งอุบล,กองนโยบายพัฒนาระบบการเงินภาคประชาชน,
22,7,50903-0817,NO,5,,เครื่องโทรศัพท์ ยี่ห้อ PHONIK,PH-3811,,กฤติกา โพธิ์ไทรย์,กองนโยบายพัฒนาระบบการเงินภาคประชาชน,
23,8,50903-0820,NO,5,,เครื่องโทรศัพท์ ยี่ห้อ PHONIK,PH-3811,,สุวนันท์ สวัสดิพัฒนพงศ์,กองนโยบายพัฒนาระบบการเงินภาคประชาชน,
24,9,50903-0822,NO,5,,เครื่องโทรศัพท์ ยี่ห้อ PHONIK,PH-3811,,จินต์จุฑา วงศาโรจน์,กองนโยบายพัฒนาระบบการเงินภาคประชาชน,
25,10,50903-0823,NO,5,,เครื่องโทรศัพท์ ยี่ห้อ PHONIK,PH-3811,,สองเมือง ศรีสองเมือง,กองนโยบายพัฒนาระบบการเงินภาคประชาชน,
26,11,50903-0824,NO,5,,เครื่องโทรศัพท์ ยี่ห้อ PHONIK,PH-3811,,ชมพูนุท สุวรรณวัฒน์,กองนโยบายพัฒนาระบบการเงินภาคประชาชน,
27,12,50903-0826,NO,5,,เครื่องโทรศัพท์ ยี่ห้อ PHONIK,PH-3811,,วรากร ทองกวาว,กองนโยบายพัฒนาระบบการเงินภาคประชาชน,
28,13,50903-0827,NO,5,,เครื่องโทรศัพท์ ยี่ห้อ PHONIK,PH-3811,,หัสยา ศิริ,กองนโยบายพัฒนาระบบการเงินภาคประชาชน,
29,14,50903-0829,NO,5,,เครื่องโทรศัพท์ ยี่ห้อ PHONIK,PH-3811,,นพดล ท้าวประสิทธิ์,กองนโยบายพัฒนาระบบการเงินภาคประชาชน,
30,15,50903-0831,NO,5,,เครื่องโทรศัพท์ ยี่ห้อ PHONIK,PH-3811,,,กองนโยบายพัฒนาระบบการเงินภาคประชาชน,
31,16,50903-0832,NO,5,,เครื่องโทรศัพท์ ยี่ห้อ PHONIK,PH-3811,,อัญชิสา อินทร์ฤทธิ์,กองนโยบายพัฒนาระบบการเงินภาคประชาชน,คุณชนุดม สพช.
32,17,50903-0833,NO,5,,เครื่องโทรศัพท์ ยี่ห้อ PHONIK,PH-3811,,วรรวิสา เอี่ยมศรี,กองนโยบายพัฒนาระบบการเงินภาคประชาชน,
33,18,50903-0834,NO,5,,เครื่องโทรศัพท์ ยี่ห้อ PHONIK,PH-3811,,จันทิรา ศรีรักษ์,กองนโยบายพัฒนาระบบการเงินภาคประชาชน,
34,19,50903-0835,NO,5,,เครื่องโทรศัพท์ ยี่ห้อ PHONIK,PH-3811,,ญดาณัฐ มีบุญญา,กองนโยบายพัฒนาระบบการเงินภาคประชาชน,
35,20,50903-0837,NO,5,,เครื่องโทรศัพท์ ยี่ห้อ PHONIK,PH-3811,,ตวันนา ศรีเสมอ,กองนโยบายพัฒนาระบบการเงินภาคประชาชน,
36,21,50903-0840,NO,5,,เครื่องโทรศัพท์ ยี่ห้อ PHONIK,PH-3811,,ปิยะดา เกตุเรืองโรจน์,กองนโยบายพัฒนาระบบการเงินภาคประชาชน,
37,22,50903-0843,NO,5,,เครื่องโทรศัพท์ ยี่ห้อ PHONIK,PH-3811,,,กองนโยบายพัฒนาระบบการเงินภาคประชาชน,
38,23,50903-0845,NO,5,,เครื่องโทรศัพท์ ยี่ห้อ PHONIK,PH-3811,,,กองนโยบายพัฒนาระบบการเงินภาคประชาชน,
39,24,50903-0847,NO,5,,เครื่องโทรศัพท์ ยี่ห้อ PHONIK,PH-3811,,รัฐกิจ ภิรมย์,กองนโยบายพัฒนาระบบการเงินภาคประชาชน,
40,25,50903-0848,NO,5,,เครื่องโทรศัพท์ ยี่ห้อ PHONIK,PH-3811,,ชยเดช โพธิคามบำรุง,กองนโยบายพัฒนาระบบการเงินภาคประชาชน,
41,26,50903-0849,NO,5,,เครื่องโทรศัพท์ ยี่ห้อ PHONIK,PH-3811,,กัลย์สุดา เทียรยุทธ,กองนโยบายพัฒนาระบบการเงินภาคประชาชน,
42,27,50903-0850,NO,5,,เครื่องโทรศัพท์ ยี่ห้อ PHONIK,PH-3811,,ชลธิชา สุขสาร,กองนโยบายพัฒนาระบบการเงินภาคประชาชน,
43,28,50903-0851,NO,5,,เครื่องโทรศัพท์ ยี่ห้อ PHONIK,PH-3811,,รุ่งทิพย์ จินดาพล,กองนโยบายพัฒนาระบบการเงินภาคประชาชน,
44,29,50903-0852,NO,5,,เครื่องโทรศัพท์ ยี่ห้อ PHONIK,PH-3811,,ฉัตรเฉลิม องอาจธานศาล,กองนโยบายพัฒนาระบบการเงินภาคประชาชน,
45,30,50903-0853,NO,5,,เครื่องโทรศัพท์ ยี่ห้อ PHONIK,PH-3811,,สุดารัตน์ เลิศล้ำ,กองนโยบายพัฒนาระบบการเงินภาคประชาชน,
46,31,50903-0854,NO,5,,เครื่องโทรศัพท์ ยี่ห้อ PHONIK,PH-3811,,บุริศร์ คงสมา,กองนโยบายพัฒนาระบบการเงินภาคประชาชน,
47,32,50903-0855,NO,5,,เครื่องโทรศัพท์ ยี่ห้อ PHONIK,PH-3811,,ณภัชนันท์ ทองสุข,กองนโยบายพัฒนาระบบการเงินภาคประชาชน,
48,33,50903-0856,NO,5,,เครื่องโทรศัพท์ ยี่ห้อ PHONIK,PH-3811,,โชติวัฒน์ อัมรินทร์,กองนโยบายพัฒนาระบบการเงินภาคประชาชน,
49,34,50903-0858,NO,5,,เครื่องโทรศัพท์ ยี่ห้อ PHONIK,PH-3811,,จิราภรณ์ สุวรรณหงษ์,กองนโยบายพัฒนาระบบการเงินภาคประชาชน,
50,35,50903-0859,NO,5,,เครื่องโทรศัพท์ ยี่ห้อ PHONIK,PH-3811,,กติกา กลิ่นแก้ว,กองนโยบายพัฒนาระบบการเงินภาคประชาชน,
51,36,50903-0860,NO,5,,เครื่องโทรศัพท์ ยี่ห้อ PHONIK,PH-3811,,,กองนโยบายพัฒนาระบบการเงินภาคประชาชน,
52,37,50903-0862,NO,5,,เครื่องโทรศัพท์ ยี่ห้อ PHONIK,PH-3811,,จิรวิทย์ บุญถาวร,กองนโยบายพัฒนาระบบการเงินภาคประชาชน,
53,38,50903-0863,NO,5,,เครื่องโทรศัพท์ ยี่ห้อ PHONIK,PH-3811,,เอกอังกูร ป้อมเสมา,กองนโยบายพัฒนาระบบการเงินภาคประชาชน,
54,39,50903-0864,NO,5,,เครื่องโทรศัพท์ ยี่ห้อ PHONIK,PH-3811,,,กองนโยบายพัฒนาระบบการเงินภาคประชาชน,
55,40,50903-0899,NO,5,,เครื่องโทรศัพท์ ยี่ห้อ Panasonic,KX-TS500MX,,อุบลวรรณ บริรักษ์กุล,กองนโยบายพัฒนาระบบการเงินภาคประชาชน,
56,41,50903-0939,NO,5,,เครื่องโทรศัพท์ตั้งโต๊ะ (สีดำ) ยี่ห้อ Panasonic,KX-TS500MX สีดำ,,อาร์จนา ปานกาญจโนภาส,กองนโยบายพัฒนาระบบการเงินภาคประชาชน,
57,42,50903-1001,NO,5,,เครื่องโทรศัพท์,ยี่ห้อ PANASONIC รุ่น KX-T7703,,มนธิรา แก้วแฝก,กองนโยบายพัฒนาระบบการเงินภาคประชาชน,
58,43,50903-1007,NO,5,,เครื่องโทรศัพท์,ยี่ห้อ PANASONIC รุ่น KX-T7703,,,กองนโยบายพัฒนาระบบการเงินภาคประชาชน,
59,44,50903-1010,NO,5,,เครื่องโทรศัพท์,ยี่ห้อ PANASONIC รุ่น KX-T7703,,ชัยสิทธิ์ บุณยเนตร,กองนโยบายพัฒนาระบบการเงินภาคประชาชน,
60,45,50903-1024,NO,5,,เครื่องโทรศัพท์ตั้งโต๊ะ,Panasonic KX-T7703SX,,,กองนโยบายพัฒนาระบบการเงินภาคประชาชน,
61,46,50903-1026,NO,5,,เครื่องโทรศัพท์ตั้งโต๊ะ,Panasonic KX-T7703SX,,,กองนโยบายพัฒนาระบบการเงินภาคประชาชน,
62,47,50903-1027,NO,5,,เครื่องโทรศัพท์ตั้งโต๊ะ,Panasonic KX-T7703SX,,,กองนโยบายพัฒนาระบบการเงินภาคประชาชน,
63,48,50907-0074,NO,5,,Mobile phone Samsung,GT E1200T,,,กองนโยบายพัฒนาระบบการเงินภาคประชาชน,TA7998-THA Development of a Strategic Framework for Financial inclusion in Thailand
64,49,51001-0110,NO,5,1E+11,เครื่องโทรสาร ยี่ห้อ Brother,FAX 2950,,อวิรุทร์ สิริวัฒน์,กองนโยบายพัฒนาระบบการเงินภาคประชาชน,ส่วนกลาง
65,50,51001-0114,NO,5,1E+11,เครื่องโทรสาร,ยี่ห้อ Brother รุ่น MFC-7470D,,,กองนโยบายพัฒนาระบบการเงินภาคประชาชน,ชั้น 3 หน้าห้องทำงานที่ปรึกษาฯ วโรทัย
66,51,51101-0023,NO,5,1E+11,เครื่องทำลายเอกสาร,ยี่ห้อ OASTAR รุ่น M3150S,,,กองนโยบายพัฒนาระบบการเงินภาคประชาชน,
67,52,51101-0024,NO,5,1E+11,เครื่องทำลายเอกสาร,ยี่ห้อ OASTAR รุ่น M3150S,,,กองนโยบายพัฒนาระบบการเงินภาคประชาชน,
68,53,51401-0010,NO,5,1E+11,เครื่องปรับอากาศ 12000 BTU,ยี่ห้อ เซ็นทรัลแอร์ รุ่น CFW-2TF12,,,กองนโยบายพัฒนาระบบการเงินภาคประชาชน,
69,54,51410-0056,NO,5,1.1E+11,เครื่องปรับอากาศ CENTRAL AIR ขนาด 25150 BTU,CFH-32EFN25-2/CCS-32EFN25-2,,,กองนโยบายพัฒนาระบบการเงินภาคประชาชน,รับประกันอะไหล่ 1 ปี รับประกันคอมเพรสเซอร์ 5 ปี
70,55,51703-0691,NO,5,,ฉากกั้นห้อง,PARTITION L5UNFF101601-F39,,,กองนโยบายพัฒนาระบบการเงินภาคประชาชน,6/10/66
71,56,51703-0693,NO,5,,ฉากกั้นห้อง,PARTITION L5UNFF101601-F39,,,กองนโยบายพัฒนาระบบการเงินภาคประชาชน,
72,57,51703-0697,NO,5,,ฉากกั้นห้อง,PARTITION L5UNFF121601-F39,,,กองนโยบายพัฒนาระบบการเงินภาคประชาชน,6/10/66
73,58,51808-0420,NO,5,,โต๊ะประชุม,,,,กองนโยบายพัฒนาระบบการเงินภาคประชาชน,
74,59,52002-0448,NO,5,,เก้าอี้ทำงาน,เก้าอี้มีแขน โช๊คปรับระดับ ขาเหล็กชุบโครเมี่ยม ขนาด 50/55/90-100 ซม,,,กองนโยบายพัฒนาระบบการเงินภาคประชาชน,
75,60,52002-0467,NO,5,,เก้าอี้ทำงาน,,,อัญชิสา อินทร์ฤทธิ์,กองนโยบายพัฒนาระบบการเงินภาคประชาชน,
76,61,52002-0470,NO,5,,เก้าอี้ทำงาน,,,ภาณุพงศ์ สวดสม,กองนโยบายพัฒนาระบบการเงินภาคประชาชน,
77,62,52002-0471,NO,5,,เก้าอี้ทำงาน,,,,กองนโยบายพัฒนาระบบการเงินภาคประชาชน,
78,63,52002-0475,NO,5,,เก้าอี้ทำงาน,,,,กองนโยบายพัฒนาระบบการเงินภาคประชาชน,
79,64,52002-0479,NO,5,,เก้าอี้ทำงาน,,,กฤติกา โพธิ์ไทรย์,กองนโยบายพัฒนาระบบการเงินภาคประชาชน,
80,65,52002-0504,NO,5,,เก้าอี้ทำงาน,,,ภูธเนศ สำรวมสุข,กองนโยบายพัฒนาระบบการเงินภาคประชาชน,
81,66,52002-0508,NO,5,,เก้าอี้ทำงาน,,,,กองนโยบายพัฒนาระบบการเงินภาคประชาชน,
82,67,52002-0511,NO,5,,เก้าอี้ทำงาน,,,,กองนโยบายพัฒนาระบบการเงินภาคประชาชน,
83,68,52002-0513,NO,5,,เก้าอี้ทำงาน,,,,กองนโยบายพัฒนาระบบการเงินภาคประชาชน,
84,69,52002-0532,NO,5,,เก้าอี้ทำงาน,,,,กองนโยบายพัฒนาระบบการเงินภาคประชาชน,
85,70,52002-0533,NO,5,,เก้าอี้ทำงาน,,,ชนิกาญจน์ มีอำพล,กองนโยบายพัฒนาระบบการเงินภาคประชาชน,
86,71,52002-0535,NO,5,,เก้าอี้ทำงาน,,,ชมพูนุท สุวรรณวัฒน์,กองนโยบายพัฒนาระบบการเงินภาคประชาชน,
87,72,52002-0536,NO,5,,เก้าอี้ทำงาน,,,,กองนโยบายพัฒนาระบบการเงินภาคประชาชน,
88,73,52002-0538,NO,5,,เก้าอี้ทำงาน,,,,กองนโยบายพัฒนาระบบการเงินภาคประชาชน,ชำรุด
89,74,52002-0540,NO,5,,เก้าอี้ทำงาน,,,ชลธิชา สุขสาร,กองนโยบายพัฒนาระบบการเงินภาคประชาชน,
90,75,52002-0541,NO,5,,เก้าอี้ทำงาน,,,รุ่งทิพย์ จินดาพล,กองนโยบายพัฒนาระบบการเงินภาคประชาชน,
91,76,52002-0544,NO,5,,เก้าอี้ทำงาน,,,เชิญตะวัน อรมุตร,กองนโยบายพัฒนาระบบการเงินภาคประชาชน,
92,77,52002-0545,NO,5,,เก้าอี้ทำงาน,,,ชัยสิทธิ์ บุณยเนตร,กองนโยบายพัฒนาระบบการเงินภาคประชาชน,
93,78,52002-0546,NO,5,,เก้าอี้ทำงาน,,,อาร์จนา ปานกาญจโนภาส,กองนโยบายพัฒนาระบบการเงินภาคประชาชน,
94,79,52002-0548,NO,5,,เก้าอี้ทำงาน,,,,กองนโยบายพัฒนาระบบการเงินภาคประชาชน,
95,80,52002-0550,NO,5,,เก้าอี้ทำงาน,,,สุดารัตน์ เลิศล้ำ,กองนโยบายพัฒนาระบบการเงินภาคประชาชน,
96,81,52002-0553,NO,5,,เก้าอี้ทำงาน,,,นพดล ท้าวประสิทธิ์,กองนโยบายพัฒนาระบบการเงินภาคประชาชน,
97,82,52002-0556,NO,5,,เก้าอี้ทำงาน,,,กฤติกา โพธิ์ไทรย์,กองนโยบายพัฒนาระบบการเงินภาคประชาชน,
98,83,52002-0558,NO,5,,เก้าอี้ทำงาน,,,รุ่งทิพย์ จินดาพล,กองนโยบายพัฒนาระบบการเงินภาคประชาชน,
99,84,52102-0259,NO,5,,เก้าอี้ทำงานพนักพิงสูง,,,เมธี เกลี้ยงนิล,กองนโยบายพัฒนาระบบการเงินภาคประชาชน,
100,85,52102-0261,NO,5,,เก้าอี้ทำงานพนักพิงสูง,,,วรากร ทองกวาว,กองนโยบายพัฒนาระบบการเงินภาคประชาชน,
101,86,52206-0065,NO,5,,เก้าอี้ทำงานเจ้าหน้าที่ ยี่ห้อ Kingdom,CH-01(S),,,กองนโยบายพัฒนาระบบการเงินภาคประชาชน,ผู้ครอบครอง นุจนีย์ พลล้ำ 3/10/61
102,87,52206-0114,NO,5,,เก้าอี้ทำงานเจ้าหน้าที่ ยี่ห้อ Kingdom,CH-01(S),,,กองนโยบายพัฒนาระบบการเงินภาคประชาชน,
103,88,52206-0115,NO,5,,เก้าอี้ทำงานเจ้าหน้าที่ ยี่ห้อ Kingdom,CH-01(S),,,กองนโยบายพัฒนาระบบการเงินภาคประชาชน,
104,89,52206-0123,NO,5,,เก้าอี้ทำงานเจ้าหน้าที่ ยี่ห้อ Kingdom,CH-01(S),,กัลย์สุดา เทียรยุทธ,กองนโยบายพัฒนาระบบการเงินภาคประชาชน,
105,90,52206-0124,NO,5,,เก้าอี้ทำงานเจ้าหน้าที่ ยี่ห้อ Kingdom,CH-01(S),,ศิริพร สุขุมศิริมงคล,กองนโยบายพัฒนาระบบการเงินภาคประชาชน,
106,91,52206-0151,NO,5,,เก้าอี้ทำงานเจ้าหน้าที่ ยี่ห้อ Kingdom,CH-01(S),,ปิยะดา เกตุเรืองโรจน์,กองนโยบายพัฒนาระบบการเงินภาคประชาชน,คุณปิยะดา เกตุเรืองโรจน์ สพช.
107,92,52206-0216,NO,5,,เก้าอี้ทำงานเจ้าหน้าที่ ยี่ห้อ Kingdom,CH-01(S),,กติกา กลิ่นแก้ว,กองนโยบายพัฒนาระบบการเงินภาคประชาชน,
108,93,52206-0221,NO,5,,เก้าอี้ทำงานเจ้าหน้าที่ ยี่ห้อ Kingdom,CH-01(S),,,กองนโยบายพัฒนาระบบการเงินภาคประชาชน,
109,94,52206-0300,NO,5,,เก้าอี้ทำงานอื่น ๆ,เก้าอี้มีล้อ (ปรับระดับสูงต้ำได้) ขนาดไม่น้อยกว่า กว้าง55ซม. ลึก60ซม. สูง120ซม.,,พนารัตน์ พรายเมฆ,กองนโยบายพัฒนาระบบการเงินภาคประชาชน,
110,95,52206-0343,NO,5,,เก้าอี้ทำงานอื่น ๆ,เก้าอี้มีล้อ (ปรับระดับสูงต้ำได้) ขนาดไม่น้อยกว่า กว้าง55ซม. ลึก60ซม. สูง120ซม.,,,กองนโยบายพัฒนาระบบการเงินภาคประชาชน,
111,96,52206-0374,NO,5,,เก้าอี้ทำงานอื่น ๆ,เก้าอี้มีล้อ (ปรับระดับสูงต้ำได้) ขนาดไม่น้อยกว่า กว้าง55ซม. ลึก60ซม. สูง120ซม.,,รุ่งทิพย์ จินดาพล,กองนโยบายพัฒนาระบบการเงินภาคประชาชน,
112,97,52206-0403,NO,5,,เก้าอี้ทำงานอื่น ๆ,เก้าอี้มีล้อ (ปรับระดับสูงต้ำได้) ขนาดไม่น้อยกว่า กว้าง55ซม. ลึก60ซม. สูง120ซม.,,กฤติกา โพธิ์ไทรย์,กองนโยบายพัฒนาระบบการเงินภาคประชาชน,
113,98,52206-0404,NO,5,,เก้าอี้ทำงานอื่น ๆ,เก้าอี้มีล้อ (ปรับระดับสูงต้ำได้) ขนาดไม่น้อยกว่า กว้าง55ซม. ลึก60ซม. สูง120ซม.,,จิราภรณ์ สุวรรณหงษ์,กองนโยบายพัฒนาระบบการเงินภาคประชาชน,
114,99,52206-0405,NO,5,,เก้าอี้ทำงานอื่น ๆ,เก้าอี้มีล้อ (ปรับระดับสูงต้ำได้) ขนาดไม่น้อยกว่า กว้าง55ซม. ลึก60ซม. สูง120ซม.,,ญดาณัฐ มีบุญญา,กองนโยบายพัฒนาระบบการเงินภาคประชาชน,
115,100,52206-0407,NO,5,,เก้าอี้ทำงานอื่น ๆ,เก้าอี้มีล้อ (ปรับระดับสูงต้ำได้) ขนาดไม่น้อยกว่า กว้าง55ซม. ลึก60ซม. สูง120ซม.,,ชยเดช โพธิคามบำรุง,กองนโยบายพัฒนาระบบการเงินภาคประชาชน,
116,101,52206-0408,NO,5,,เก้าอี้ทำงานอื่น ๆ,เก้าอี้มีล้อ (ปรับระดับสูงต้ำได้) ขนาดไม่น้อยกว่า กว้าง55ซม. ลึก60ซม. สูง120ซม.,,สองเมือง ศรีสองเมือง,กองนโยบายพัฒนาระบบการเงินภาคประชาชน,
117,102,52206-0409,NO,5,,เก้าอี้ทำงานอื่น ๆ,เก้าอี้มีล้อ (ปรับระดับสูงต้ำได้) ขนาดไม่น้อยกว่า กว้าง55ซม. ลึก60ซม. สูง120ซม.,,จินต์จุฑา วงศาโรจน์,กองนโยบายพัฒนาระบบการเงินภาคประชาชน,
118,103,52206-0410,NO,5,,เก้าอี้ทำงานอื่น ๆ,เก้าอี้มีล้อ (ปรับระดับสูงต้ำได้) ขนาดไม่น้อยกว่า กว้าง55ซม. ลึก60ซม. สูง120ซม.,,,กองนโยบายพัฒนาระบบการเงินภาคประชาชน,
119,104,52206-0411,NO,5,,เก้าอี้ทำงานอื่น ๆ,เก้าอี้มีล้อ (ปรับระดับสูงต้ำได้) ขนาดไม่น้อยกว่า กว้าง55ซม. ลึก60ซม. สูง120ซม.,,,กองนโยบายพัฒนาระบบการเงินภาคประชาชน,
120,105,52206-0412,NO,5,,เก้าอี้ทำงานอื่น ๆ,เก้าอี้มีล้อ (ปรับระดับสูงต้ำได้) ขนาดไม่น้อยกว่า กว้าง55ซม. ลึก60ซม. สูง120ซม.,,รัฐกิจ ภิรมย์,กองนโยบายพัฒนาระบบการเงินภาคประชาชน,
121,106,52206-0413,NO,5,,เก้าอี้ทำงานอื่น ๆ,เก้าอี้มีล้อ (ปรับระดับสูงต้ำได้) ขนาดไม่น้อยกว่า กว้าง55ซม. ลึก60ซม. สูง120ซม.,,อาร์จนา ปานกาญจโนภาส,กองนโยบายพัฒนาระบบการเงินภาคประชาชน,
122,107,52206-0415,NO,5,,เก้าอี้ทำงานอื่น ๆ,เก้าอี้มีล้อ (ปรับระดับสูงต้ำได้) ขนาดไม่น้อยกว่า กว้าง55ซม. ลึก60ซม. สูง120ซม.,,ภูผา ก๋งอุบล,กองนโยบายพัฒนาระบบการเงินภาคประชาชน,
123,108,52206-0416,NO,5,,เก้าอี้ทำงานอื่น ๆ,เก้าอี้มีล้อ (ปรับระดับสูงต้ำได้) ขนาดไม่น้อยกว่า กว้าง55ซม. ลึก60ซม. สูง120ซม.,,ฉัตรเฉลิม องอาจธานศาล,กองนโยบายพัฒนาระบบการเงินภาคประชาชน,
124,109,52206-0418,NO,5,,เก้าอี้ทำงานอื่น ๆ,เก้าอี้มีล้อ (ปรับระดับสูงต้ำได้) ขนาดไม่น้อยกว่า กว้าง55ซม. ลึก60ซม. สูง120ซม.,,,กองนโยบายพัฒนาระบบการเงินภาคประชาชน,
125,110,52206-0443,NO,5,,เก้าอี้ทำงานอื่น ๆ,เก้าอี้มีล้อ (ปรับระดับสูงต้ำได้) ขนาดไม่น้อยกว่า กว้าง55ซม. ลึก60ซม. สูง120ซม.,,,กองนโยบายพัฒนาระบบการเงินภาคประชาชน,
126,111,52206-0518,NO,5,,เก้าอี้ทำงานอื่น ๆ,เก้าอี้มีล้อ (ปรับระดับสูงต้ำได้) ขนาดไม่น้อยกว่า กว้าง55ซม. ลึก60ซม. สูง120ซม.,,ชัยสิทธิ์ บุณยเนตร,กองนโยบายพัฒนาระบบการเงินภาคประชาชน,
127,112,52206-0539,NO,5,,เก้าอี้ทำงานอื่น ๆ,เก้าอี้มีล้อ (ปรับระดับสูงต้ำได้) ขนาดไม่น้อยกว่า กว้าง55ซม. ลึก60ซม. สูง120ซม.,,รัฐกิจ ภิรมย์,กองนโยบายพัฒนาระบบการเงินภาคประชาชน,
128,113,52206-0563,NO,5,,เก้าอี้ทำงานอื่น ๆ,เก้าอี้มีล้อ (ปรับระดับสูงต้ำได้) ขนาดไม่น้อยกว่า กว้าง55ซม. ลึก60ซม. สูง120ซม.,,อุบลวรรณ บริรักษ์กุล,กองนโยบายพัฒนาระบบการเงินภาคประชาชน,17 ตค.65 (update)
129,114,52504-0019,NO,5,0,โต๊ะกลางอื่น ๆ,โต๊ะกลางของชุดรับแขก,,,กองนโยบายพัฒนาระบบการเงินภาคประชาชน,
130,115,52504-0036,NO,5,,โต๊ะกลาง,,,,กองนโยบายพัฒนาระบบการเงินภาคประชาชน,
131,116,52513-0044,NO,5,0,เก้าอี้รับแขกอื่น ๆ,เก้าอี้รับแขก ยี่ห้อ,,,กองนโยบายพัฒนาระบบการเงินภาคประชาชน,
132,117,52513-0048,NO,5,0,เก้าอี้รับแขกอื่น ๆ,เก้าอี้รับแขก ยี่ห้อ,,,กองนโยบายพัฒนาระบบการเงินภาคประชาชน,
133,118,52516-0013,NO,5,0,เก้าอี้รับแขกอื่น ๆ,เก้าอี้รับแขกยี่ห้อ,,,กองนโยบายพัฒนาระบบการเงินภาคประชาชน,
134,119,52517-0015,NO,5,,โซฟารับแขก3ที่นั่ง,,,,กองนโยบายพัฒนาระบบการเงินภาคประชาชน,
135,120,53005-0067,NO,5,,ตู้เก็บเอกสารเตี้ย,,,,กองนโยบายพัฒนาระบบการเงินภาคประชาชน,
136,121,53005-0068,NO,5,,ตู้เก็บเอกสารเตี้ย,,,,กองนโยบายพัฒนาระบบการเงินภาคประชาชน,
137,122,53005-0069,NO,5,,ตู้เก็บเอกสารเตี้ย,,,,กองนโยบายพัฒนาระบบการเงินภาคประชาชน,
138,123,53005-0070,NO,5,,ตู้เก็บเอกสารเตี้ย,,,,กองนโยบายพัฒนาระบบการเงินภาคประชาชน,
139,124,53005-0071,NO,5,,ตู้เก็บเอกสารเตี้ย,,,,กองนโยบายพัฒนาระบบการเงินภาคประชาชน,
140,125,53005-0072,NO,5,,ตู้เก็บเอกสารเตี้ย,,,,กองนโยบายพัฒนาระบบการเงินภาคประชาชน,
141,126,53005-0073,NO,5,,ตู้เก็บเอกสารเตี้ย,,,,กองนโยบายพัฒนาระบบการเงินภาคประชาชน,
142,127,53005-0074,NO,5,,ตู้เก็บเอกสารเตี้ย,,,,กองนโยบายพัฒนาระบบการเงินภาคประชาชน,
143,128,53005-0075,NO,5,,ตู้เก็บเอกสารเตี้ย,,,,กองนโยบายพัฒนาระบบการเงินภาคประชาชน,
144,129,53005-0076,NO,5,,ตู้เก็บเอกสารเตี้ย,,,,กองนโยบายพัฒนาระบบการเงินภาคประชาชน,
145,130,53005-0077,NO,5,,ตู้เก็บเอกสารเตี้ย,,,,กองนโยบายพัฒนาระบบการเงินภาคประชาชน,
146,131,53005-0078,NO,5,,ตู้เก็บเอกสารเตี้ย,,,,กองนโยบายพัฒนาระบบการเงินภาคประชาชน,
147,132,53005-0079,NO,5,,ตู้เก็บเอกสารเตี้ย,,,กฤติกา โพธิ์ไทรย์,กองนโยบายพัฒนาระบบการเงินภาคประชาชน,
148,133,53005-0080,NO,5,,ตู้เก็บเอกสารเตี้ย,,,วรากร ทองกวาว,กองนโยบายพัฒนาระบบการเงินภาคประชาชน,
149,134,53005-0081,NO,5,,ตู้เก็บเอกสารเตี้ย,,,,กองนโยบายพัฒนาระบบการเงินภาคประชาชน,
150,135,53005-0082,NO,5,,ตู้เก็บเอกสารเตี้ย,,,,กองนโยบายพัฒนาระบบการเงินภาคประชาชน,
151,136,53005-0083,NO,5,,ตู้เก็บเอกสารเตี้ย,,,,กองนโยบายพัฒนาระบบการเงินภาคประชาชน,
152,137,53005-0084,NO,5,,ตู้เก็บเอกสารเตี้ย,,,,กองนโยบายพัฒนาระบบการเงินภาคประชาชน,
153,138,53005-0085,NO,5,,ตู้เก็บเอกสารเตี้ย,,,,กองนโยบายพัฒนาระบบการเงินภาคประชาชน,
154,139,53005-0086,NO,5,,ตู้เก็บเอกสารเตี้ย,,,,กองนโยบายพัฒนาระบบการเงินภาคประชาชน,
155,140,53005-0087,NO,5,,ตู้เก็บเอกสารเตี้ย,,,,กองนโยบายพัฒนาระบบการเงินภาคประชาชน,
156,141,53005-0088,NO,5,,ตู้เก็บเอกสารเตี้ย,,,,กองนโยบายพัฒนาระบบการเงินภาคประชาชน,
157,142,53005-0089,NO,5,,ตู้เก็บเอกสารเตี้ย,,,,กองนโยบายพัฒนาระบบการเงินภาคประชาชน,
158,143,53005-0090,NO,5,,ตู้เก็บเอกสารเตี้ย,,,,กองนโยบายพัฒนาระบบการเงินภาคประชาชน,
159,144,53005-0091,NO,5,,ตู้เก็บเอกสารเตี้ย,,,,กองนโยบายพัฒนาระบบการเงินภาคประชาชน,
160,145,53005-0092,NO,5,,ตู้เก็บเอกสารเตี้ย,,,,กองนโยบายพัฒนาระบบการเงินภาคประชาชน,
161,146,53005-0093,NO,5,,ตู้เก็บเอกสารเตี้ย,,,,กองนโยบายพัฒนาระบบการเงินภาคประชาชน,
162,147,53005-0094,NO,5,,ตู้เก็บเอกสารเตี้ย,,,,กองนโยบายพัฒนาระบบการเงินภาคประชาชน,
163,148,53005-0095,NO,5,,ตู้เก็บเอกสารเตี้ย,,,,กองนโยบายพัฒนาระบบการเงินภาคประชาชน,
164,149,53005-0096,NO,5,,ตู้เก็บเอกสารเตี้ย,,,,กองนโยบายพัฒนาระบบการเงินภาคประชาชน,
165,150,53005-0097,NO,5,,ตู้เก็บเอกสารเตี้ย,,,,กองนโยบายพัฒนาระบบการเงินภาคประชาชน,
166,151,53005-0098,NO,5,,ตู้เก็บเอกสารเตี้ย,,,,กองนโยบายพัฒนาระบบการเงินภาคประชาชน,
167,152,53005-0099,NO,5,,ตู้เก็บเอกสารเตี้ย,,,,กองนโยบายพัฒนาระบบการเงินภาคประชาชน,ส่วนกลาง
168,153,53005-0102,NO,5,,ตู้เก็บเอกสารเตี้ย,,,,กองนโยบายพัฒนาระบบการเงินภาคประชาชน,ส่วนกลาง
169,154,53005-0104,NO,5,,ตู้เก็บเอกสารเตี้ย,,,,กองนโยบายพัฒนาระบบการเงินภาคประชาชน,ส่วนกลาง
170,155,53005-0105,NO,5,,ตู้เก็บเอกสารเตี้ย,,,,กองนโยบายพัฒนาระบบการเงินภาคประชาชน,ส่วนกลาง
171,156,53005-0107,NO,5,,ตู้เก็บเอกสารเตี้ย,,,,กองนโยบายพัฒนาระบบการเงินภาคประชาชน,ส่วนกลาง
172,157,53005-0108,NO,5,,ตู้เก็บเอกสารเตี้ย,,,,กองนโยบายพัฒนาระบบการเงินภาคประชาชน,ส่วนกลาง
173,158,53005-0109,NO,5,,ตู้เก็บเอกสารเตี้ย,,,,กองนโยบายพัฒนาระบบการเงินภาคประชาชน,
174,159,53005-0110,NO,5,,ตู้เก็บเอกสารเตี้ย,,,,กองนโยบายพัฒนาระบบการเงินภาคประชาชน,
175,160,53005-0111,NO,5,,ตู้เก็บเอกสารเตี้ย,,,,กองนโยบายพัฒนาระบบการเงินภาคประชาชน,
176,161,53005-0112,NO,5,,ตู้เก็บเอกสารเตี้ย,,,,กองนโยบายพัฒนาระบบการเงินภาคประชาชน,
177,162,53005-0113,NO,5,,ตู้เก็บเอกสารเตี้ย,,,,กองนโยบายพัฒนาระบบการเงินภาคประชาชน,
178,163,53005-0114,NO,5,,ตู้เก็บเอกสารเตี้ย,,,,กองนโยบายพัฒนาระบบการเงินภาคประชาชน,ส่วนกลาง
179,164,53005-0118,NO,5,,ตู้เก็บเอกสารเตี้ย,,,,กองนโยบายพัฒนาระบบการเงินภาคประชาชน,6/10/66
180,165,53005-0119,NO,5,,ตู้เก็บเอกสารเตี้ย,,,,กองนโยบายพัฒนาระบบการเงินภาคประชาชน,6/10/66
181,166,53005-0125,NO,5,,ตู้เก็บเอกสารเตี้ย,,,,กองนโยบายพัฒนาระบบการเงินภาคประชาชน,6/10/66
182,167,53301-0150,NO,5,,ตู้ 2 บานเปิดสตาร์ ZM-1836/ มอก./ เทา,,,,กองนโยบายพัฒนาระบบการเงินภาคประชาชน,
183,168,53301-0151,NO,5,,ตู้ 2 บานเปิดสตาร์ ZM-1836/ มอก./ เทา,,,,กองนโยบายพัฒนาระบบการเงินภาคประชาชน,ซื้อตู้ 8 ตู้ ปีงบฯ 2562 อยู่ที่ สพช.
184,169,53301-0152,NO,5,,ตู้ 2 บานเปิดสตาร์ ZM-1836/ มอก./ เทา,,,,กองนโยบายพัฒนาระบบการเงินภาคประชาชน,ซื้อตู้ 8 ตู้ ปีงบฯ 2562 อยู่ที่ สพช.
185,170,53301-0153,NO,5,,ตู้ 2 บานเปิดสตาร์ ZM-1836/ มอก./ เทา,,,,กองนโยบายพัฒนาระบบการเงินภาคประชาชน,ซื้อตู้ 8 ตู้ ปีงบฯ 2562 อยู่ที่ สพช.
186,171,53301-0154,NO,5,,ตู้ 2 บานเปิดสตาร์ ZM-1836/ มอก./ เทา,,,,กองนโยบายพัฒนาระบบการเงินภาคประชาชน,ซื้อตู้ 8 ตู้ ปีงบฯ 2562 อยู่ที่ สพช.
187,172,53301-0155,NO,5,,ตู้ 2 บานเปิดสตาร์ ZM-1836/ มอก./ เทา,,,,กองนโยบายพัฒนาระบบการเงินภาคประชาชน,
188,173,53301-0156,NO,5,,ตู้ 2 บานเปิดสตาร์ ZM-1836/ มอก./ เทา,,,,กองนโยบายพัฒนาระบบการเงินภาคประชาชน,"6/10/66
ซื้อตู้ 8 ตู้ ปีงบฯ 2562 อยู่ที่ สพช."
189,174,53301-0157,NO,5,,ตู้ 2 บานเปิดสตาร์ ZM-1836/ มอก./ เทา,,,,กองนโยบายพัฒนาระบบการเงินภาคประชาชน,"6/10/66
ซื้อตู้ 8 ตู้ ปีงบฯ 2562 อยู่ที่ สพช."
190,175,53301-0161,NO,5,,ตู้เหล็กเก็บเอกสาร 2 บาน,LUCKY  รุ่น SH-756 สีครีม,,,กองนโยบายพัฒนาระบบการเงินภาคประชาชน,
191,176,53301-0162,NO,5,,ตู้เหล็กเก็บเอกสาร 2 บาน,LUCKY  รุ่น SH-756 สีครีม,,,กองนโยบายพัฒนาระบบการเงินภาคประชาชน,
192,177,53303-0078,NO,5,,ตู้เหล็กเก็บเอกสารแบบ 3 ลิ้นชัก,ตู้เหล็ก 3 ลิ้นชัก ย,,,กองนโยบายพัฒนาระบบการเงินภาคประชาชน,
193,178,53304-0455,NO,5,0,ตู้เหล็กเก็บเอกสาร 4 ลิ้นชัก,ตู้เหล็ก 4 ลิ้นชัก ย,,,กองนโยบายพัฒนาระบบการเงินภาคประชาชน,ผู้ครอบครอง คุณ ขนิกรุจน์
194,179,53304-0664,NO,5,1E+11,ตู้เหล็กเก็บเอกสาร 4 ลิ้นชัก,DD-994S,,,กองนโยบายพัฒนาระบบการเงินภาคประชาชน,
195,180,53304-0665,NO,5,1E+11,ตู้เหล็กเก็บเอกสาร 4 ลิ้นชัก,DD-994S,,,กองนโยบายพัฒนาระบบการเงินภาคประชาชน,
196,181,53304-0666,NO,5,1E+11,ตู้เหล็กเก็บเอกสาร 4 ลิ้นชัก,DD-994S,,,กองนโยบายพัฒนาระบบการเงินภาคประชาชน,
197,182,53304-0667,NO,5,1E+11,ตู้เหล็กเก็บเอกสาร 4 ลิ้นชัก,DD-994S,,,กองนโยบายพัฒนาระบบการเงินภาคประชาชน,
198,183,53304-0668,NO,5,1E+11,ตู้เหล็กเก็บเอกสาร 4 ลิ้นชัก,DD-994S,,,กองนโยบายพัฒนาระบบการเงินภาคประชาชน,
199,184,53304-0669,NO,5,,ตู้เอกสารเหล็ก 4 ลิ้นชัก,ยี่ห้อ LUCKY รุ่น DA-104 (สีครีม),,,กองนโยบายพัฒนาระบบการเงินภาคประชาชน,
200,185,53304-0670,NO,5,,ตู้เอกสารเหล็ก 4 ลิ้นชัก,ยี่ห้อ LUCKY รุ่น DA-104 สีครีม,,,กองนโยบายพัฒนาระบบการเงินภาคประชาชน,
201,186,53304-0671,NO,5,,ตู้เอกสารเหล็ก 4 ลื้นชัก,ยี่ห้อ LUCKY รุ่น DA-104 สีครีม,,,กองนโยบายพัฒนาระบบการเงินภาคประชาชน,
202,187,53304-0672,NO,5,,ตู้เอกสารเหล็ก 4 ลิ้นชัก,ยี่ห้อ LUCKY รุ่น DA-104 สีครีม,,,กองนโยบายพัฒนาระบบการเงินภาคประชาชน,
203,188,53304-0673,NO,5,,ตู้เอกสารเหล็ก 4 ลิ้นชัก,ยี่ห้อ LUCKY รุ่น DA-104 สีครีม,,,กองนโยบายพัฒนาระบบการเงินภาคประชาชน,
204,189,53304-0674,NO,5,,ตู้เหล็ก 4 ลิ้นชัก,LUCKY รุ่น DA-104 สีครีม,,,กองนโยบายพัฒนาระบบการเงินภาคประชาชน,
205,190,53304-0675,NO,5,,ตู้เหล็ก 4 ลิ้นชัก,LUCKY รุ่น DA-104 สีครีม,,,กองนโยบายพัฒนาระบบการเงินภาคประชาชน,
206,191,53304-0676,NO,5,,ตู้เหล็ก 4 ลิ้นชัก,LUCKY รุ่น DA-104 สีครีม,,,กองนโยบายพัฒนาระบบการเงินภาคประชาชน,
207,192,53304-0677,NO,5,,ตู้เหล็ก 4 ลิ้นชัก,LUCKY รุ่น DA-104 สีครีม,,,กองนโยบายพัฒนาระบบการเงินภาคประชาชน,
208,193,53304-0678,NO,5,,ตู้เหล็ก 4 ลิ้นชัก,LUCKY รุ่น DA-104 สีครีม,,,กองนโยบายพัฒนาระบบการเงินภาคประชาชน,
209,194,53310-0050,NO,5,1E+11,ตู้อุปกรณ์มาตรฐาน Rack Cabinet,ขนาด 42 U,,,กองนโยบายพัฒนาระบบการเงินภาคประชาชน,
210,195,53310-0052,NO,5,1E+11,ตู้จัดเก็บเครื่องคอมพิวเตอร์และอุปกรณ์ (Rack ขนาด 42U),"ยี่ห้อ Ppower C รุ่น 19""",,,กองนโยบายพัฒนาระบบการเงินภาคประชาชน,
211,196,54201-0045,NO,5,1E+11,เครื่องเจาะกระดาษไฟฟ้า,ยี่ห้อ LIHIT รุ่น 2001/AA-SIX,,,กองนโยบายพัฒนาระบบการเงินภาคประชาชน,
212,197,54201-0048,NO,5,,เครื่องเจาะรูกระดาษ,Power Stone No.52,,,กองนโยบายพัฒนาระบบการเงินภาคประชาชน,
213,198,54301-0029,NO,5,,เครื่องเย็บกระดาษ,Max HD -12N,,,กองนโยบายพัฒนาระบบการเงินภาคประชาชน,
214,199,54303-0026,NO,5,1E+11,เครื่องเข้าเล่มกระดูกงู,ยี่ห้อ HIC รุ่น HPB-240,,,กองนโยบายพัฒนาระบบการเงินภาคประชาชน,
215,200,59000-0009,NO,5,1E+11,เครื่องบันทึกภาพวงจรปิด,DAHUA Model DVR-0404HF-A,,,กองนโยบายพัฒนาระบบการเงินภาคประชาชน,
216,1,60401-1505,NO,6,1E+11,เครื่องคอมพิวเตอร์ PC ยี่ห้อ Lenovo,ThinkCentre M82,,,กองนโยบายพัฒนาระบบการเงินภาคประชาชน,
217,2,60401-1506,NO,6,1E+11,เครื่องคอมพิวเตอร์ PC ยี่ห้อ Lenovo,ThinkCentre M82,,,กองนโยบายพัฒนาระบบการเงินภาคประชาชน,
218,3,60401-1508,NO,6,1E+11,เครื่องคอมพิวเตอร์ PC ยี่ห้อ Lenovo,ThinkCentre M82,,,กองนโยบายพัฒนาระบบการเงินภาคประชาชน,
219,4,60401-1512,NO,6,1E+11,เครื่องคอมพิวเตอร์ PC ยี่ห้อ Lenovo,ThinkCentre M82,,สุวนันท์ สวัสดิพัฒนพงศ์,กองนโยบายพัฒนาระบบการเงินภาคประชาชน,
220,5,60401-1514,NO,6,1E+11,เครื่องคอมพิวเตอร์ PC ยี่ห้อ Lenovo,ThinkCentre M82,,,กองนโยบายพัฒนาระบบการเงินภาคประชาชน,
221,6,60401-1516,NO,6,1E+11,เครื่องคอมพิวเตอร์ PC ยี่ห้อ Lenovo,ThinkCentre M82,,,กองนโยบายพัฒนาระบบการเงินภาคประชาชน,
222,7,60401-1518,NO,6,1E+11,เครื่องคอมพิวเตอร์ PC ยี่ห้อ Lenovo,ThinkCentre M82,,,กองนโยบายพัฒนาระบบการเงินภาคประชาชน,
223,8,60401-1519,NO,6,1E+11,เครื่องคอมพิวเตอร์ PC ยี่ห้อ Lenovo,ThinkCentre M82,,หัสยา ศิริ,กองนโยบายพัฒนาระบบการเงินภาคประชาชน,
224,9,60401-1520,NO,6,1E+11,เครื่องคอมพิวเตอร์ PC ยี่ห้อ Lenovo,ThinkCentre M82,,ทิวนาถ ดำรงยุทธ,กองนโยบายพัฒนาระบบการเงินภาคประชาชน,
225,10,60401-1524,NO,6,1E+11,เครื่องคอมพิวเตอร์ PC ยี่ห้อ Lenovo,ThinkCentre M82,,ชลธิชา สุขสาร,กองนโยบายพัฒนาระบบการเงินภาคประชาชน,
226,11,60401-1527,NO,6,1E+11,เครื่องคอมพิวเตอร์ PC ยี่ห้อ Lenovo,ThinkCentre M82,,หัสยา ศิริ,กองนโยบายพัฒนาระบบการเงินภาคประชาชน,
227,12,60401-1531,NO,6,1E+11,เครื่องคอมพิวเตอร์ PC ยี่ห้อ Lenovo,ThinkCentre M82,,,กองนโยบายพัฒนาระบบการเงินภาคประชาชน,
228,13,60401-1532,NO,6,1E+11,เครื่องคอมพิวเตอร์ PC ยี่ห้อ Lenovo,ThinkCentre M82,,ชมพูนุท สุวรรณวัฒน์,กองนโยบายพัฒนาระบบการเงินภาคประชาชน,
229,14,60401-1534,NO,6,1E+11,เครื่องคอมพิวเตอร์ PC ยี่ห้อ Lenovo,ThinkCentre M82,,ณภัชนันท์ ทองสุข,กองนโยบายพัฒนาระบบการเงินภาคประชาชน,
230,15,60401-1536,NO,6,1E+11,เครื่องคอมพิวเตอร์ PC ยี่ห้อ Lenovo,ThinkCentre M82,,,กองนโยบายพัฒนาระบบการเงินภาคประชาชน,
231,16,60401-1537,NO,6,1E+11,เครื่องคอมพิวเตอร์ PC ยี่ห้อ Lenovo,ThinkCentre M82,,สุดารัตน์ เลิศล้ำ,กองนโยบายพัฒนาระบบการเงินภาคประชาชน,
232,17,60401-1538,NO,6,1E+11,เครื่องคอมพิวเตอร์ PC ยี่ห้อ Lenovo,ThinkCentre M82,,บุริศร์ คงสมา,กองนโยบายพัฒนาระบบการเงินภาคประชาชน,
233,18,60401-1539,NO,6,1E+11,เครื่องคอมพิวเตอร์ PC ยี่ห้อ Lenovo,ThinkCentre M82,,,กองนโยบายพัฒนาระบบการเงินภาคประชาชน,
234,19,60401-1541,NO,6,1E+11,เครื่องคอมพิวเตอร์ PC ยี่ห้อ Lenovo,ThinkCentre M82,,,กองนโยบายพัฒนาระบบการเงินภาคประชาชน,
235,20,60401-1543,NO,6,1E+11,เครื่องคอมพิวเตอร์ PC ยี่ห้อ Lenovo,ThinkCentre M82,,จิรวิทย์ บุญถาวร,กองนโยบายพัฒนาระบบการเงินภาคประชาชน,
236,21,60401-1634,NO,6,1E+11,เครื่องไมโครคอมพิวเตอร์,,,,กองนโยบายพัฒนาระบบการเงินภาคประชาชน,"สัญญาซื้อขายเครื่องคอมพิวเตอร์เเละอุปกรณ์สำหรับโครงการบริหารจัดการเครื่องคอมพิวเตอร์ลูกข่ายสำหรับข้าราชการของ สศค.
(ปิยะดา เกศเรืองโรจน์)

60401-1634-1   จอ  ปิยะดา  เกตุเรืองโรจน์ 22/9/59
60401-1634-2 CPU  ปิยะดา  เกตุเรืองโรจน์ 22/9/59"
237,22,60401-1646,NO,6,1E+11,เครื่องไมโครคอมพิวเตอร์,,,,กองนโยบายพัฒนาระบบการเงินภาคประชาชน,"สัญญาซื้อขายเครื่องคอมพิวเตอร์เเละอุปกรณ์สำหรับโครงการบริหารจัดการเครื่องคอมพิวเตอร์ลูกข่ายสำหรับข้าราชการของ สศค.
(อรกัญยา เตชะไพบูลย์)"
238,23,60401-1700,NO,6,1E+11,เครื่องไมโครคอมพิวเตอร์,CPU-DELL OPTIPLEX3020 Monitor-DELL,,,กองนโยบายพัฒนาระบบการเงินภาคประชาชน,"สัญญาซื้อขายเครื่องคอมพิวเตอร์เเละอุปกรณ์สำหรับโครงการบริหารจัดการเครื่องคอมพิวเตอร์ลูกข่ายสำหรับข้าราชการของ สศค.
ผู้ครอบครอง"
239,24,60401-1723,NO,6,1E+11,เครื่องไมโครคอมพิวเตอร์,,,,กองนโยบายพัฒนาระบบการเงินภาคประชาชน,สัญญาซื้อขายเครื่องคอมพิวเตอร์เเละอุปกรณ์สำหรับโครงการบริหารจัดการเครื่องคอมพิวเตอร์ลูกข่ายสำหรับข้าราชการของ สศค.
240,25,60401-1744,NO,6,1E+11,เครื่องไมโครคอมพิวเตอร์,,,,กองนโยบายพัฒนาระบบการเงินภาคประชาชน,"สัญญาซื้อขายเครื่องคอมพิวเตอร์เเละอุปกรณ์สำหรับโครงการบริหารจัดการเครื่องคอมพิวเตอร์ลูกข่ายสำหรับข้าราชการของ สศค.
ผู้ครอบครอง นุจนีย์ พลล้ำ 3/10/61"
241,26,60401-1758,NO,6,1E+11,เครื่องไมโครคอมพิวเตอร์,,,,กองนโยบายพัฒนาระบบการเงินภาคประชาชน,
242,27,60401-1764,NO,6,1E+11,เครื่องไมโครคอมพิวเตอร์,,,สุดารัตน์ เลิศล้ำ,กองนโยบายพัฒนาระบบการเงินภาคประชาชน,สัญญาซื้อขายเครื่องคอมพิวเตอร์เเละอุปกรณ์สำหรับโครงการบริหารจัดการเครื่องคอมพิวเตอร์ลูกข่ายสำหรับข้าราชการของ สศค.
243,28,60401-1766,NO,6,1E+11,เครื่องไมโครคอมพิวเตอร์,,,สุดารัตน์ เลิศล้ำ,กองนโยบายพัฒนาระบบการเงินภาคประชาชน,สัญญาซื้อขายเครื่องคอมพิวเตอร์เเละอุปกรณ์สำหรับโครงการบริหารจัดการเครื่องคอมพิวเตอร์ลูกข่ายสำหรับข้าราชการของ สศค.
244,29,60401-1770,NO,6,1E+11,เครื่องไมโครคอมพิวเตอร์,,,คงกฤช คงกะแคะ,กองนโยบายพัฒนาระบบการเงินภาคประชาชน,สัญญาซื้อขายเครื่องคอมพิวเตอร์เเละอุปกรณ์สำหรับโครงการบริหารจัดการเครื่องคอมพิวเตอร์ลูกข่ายสำหรับข้าราชการของ สศค.
245,30,60401-1789,NO,6,1E+11,เครื่องคอมพิวเตอร์ลูกข่าย,ยี่ห้อ Dell รุ่น Optiplex 3040,,,กองนโยบายพัฒนาระบบการเงินภาคประชาชน,
246,31,60401-1790,NO,6,1E+11,เครื่องคอมพิวเตอร์ลูกข่าย,ยี่ห้อ Dell รุ่น Optiplex 3040,,,กองนโยบายพัฒนาระบบการเงินภาคประชาชน,
247,32,60401-1791,NO,6,1E+11,เครื่องคอมพิวเตอร์ลูกข่าย,ยี่ห้อ Dell รุ่น Optiplex 3040,,,กองนโยบายพัฒนาระบบการเงินภาคประชาชน,
248,33,60401-1842,NO,6,1E+11,"เครื่องคอมพิวเตอร์โน๊ตบุ๊ค ยี่ห้อ Lenovo Ideapad 330S (15"")","ยี่ห้อ Lenovo Ideapad 330S (15"")",,,กองนโยบายพัฒนาระบบการเงินภาคประชาชน,"เครื่องคอมพิวเตอร์โน๊ตบุ๊ค ยี่ห้อ Lenovo Ideapad 330S (15"")
พร้อมโปรแกรมระบบปฏิบัติการซอฟแวร์ Microsoft Office และซอฟแวร์ Antivirus
ซื้อเครื่องคอมพิวเตอร์และอุปกรณ์ตามโครงการงานติดตามการตรวจสอบการดำเนินงานผู้ประกอบการธุรกิจพิโกไฟแนนซ์"
249,34,60401-1843,NO,6,1E+11,"เครื่องคอมพิวเตอร์โน๊ตบุ๊ค ยี่ห้อ Lenovo Ideapad 330S (15"")","ยี่ห้อ Lenovo Ideapad 330S (15"")",,,กองนโยบายพัฒนาระบบการเงินภาคประชาชน,"เครื่องคอมพิวเตอร์โน๊ตบุ๊ค ยี่ห้อ Lenovo Ideapad 330S (15"")
พร้อมโปรแกรมระบบปฏิบัติการซอฟแวร์ Microsoft Office และซอฟแวร์ Antivirus
ซื้อเครื่องคอมพิวเตอร์และอุปกรณ์ตามโครงการงานติดตามการตรวจสอบการดำเนินงานผู้ประกอบการธุรกิจพิโกไฟแนนซ์"
250,35,60401-1845,NO,6,1E+11,เครื่องคอมพิวเตอร์ PC สำหรับงานประมวลผลข้อมูลพร้อมโปรแกรม ระบบปฏิบัติการซอฟแวร์ Microsoft Office และซอฟแวร์ Antivirus,,,จิรภัทร ซื้อนาวงค์,กองนโยบายพัฒนาระบบการเงินภาคประชาชน,"เครื่องคอมพิวเตอร์ PC สำหรับงานประมวลผลข้อมูลพร้อมโปรแกรม
ระบบปฏิบัติการซอฟแวร์ Microsoft Office และซอฟแวร์ Antivirus
(คอมประกอบ)"
251,36,60401-1848,NO,6,1E+11,เครื่องคอมพิวเตอร์ PC สำหรับงานประมวลผลข้อมูลพร้อมโปรแกรม ระบบปฏิบัติการซอฟแวร์ Microsoft Office และซอฟแวร์ Antivirus,,,เบญญาภา งาเกาะ,กองนโยบายพัฒนาระบบการเงินภาคประชาชน,"เครื่องคอมพิวเตอร์ PC สำหรับงานประมวลผลข้อมูลพร้อมโปรแกรม
ระบบปฏิบัติการซอฟแวร์ Microsoft Office และซอฟแวร์ Antivirus
(คอมประกอบ)"
252,37,60401-2122,NO,6,1E+11,เครื่องคอมพิวเตอร์,Lenovo ThinkCenter M920 Tower / Monitor ThinkVision S22e,,,กองนโยบายพัฒนาระบบการเงินภาคประชาชน,
253,38,60401-2123,NO,6,1E+11,เครื่องคอมพิวเตอร์,Lenovo ThinkCenter M920 Tower / Monitor ThinkVision S22e,,จิราภรณ์ สุวรรณหงษ์,กองนโยบายพัฒนาระบบการเงินภาคประชาชน,
254,39,60401-2124,NO,6,1E+11,เครื่องคอมพิวเตอร์,Lenovo ThinkCenter M920 Tower / Monitor ThinkVision S22e,,จินต์จุฑา วงศาโรจน์,กองนโยบายพัฒนาระบบการเงินภาคประชาชน,
255,40,60401-2125,NO,6,1E+11,เครื่องคอมพิวเตอร์,Lenovo ThinkCenter M920 Tower / Monitor ThinkVision S22e,,อุบลวรรณ บริรักษ์กุล,กองนโยบายพัฒนาระบบการเงินภาคประชาชน,
256,41,60401-2126,NO,6,1E+11,เครื่องคอมพิวเตอร์,Lenovo ThinkCenter M920 Tower / Monitor ThinkVision S22e,,ปิยะดา เกตุเรืองโรจน์,กองนโยบายพัฒนาระบบการเงินภาคประชาชน,
257,42,60401-2127,NO,6,1E+11,เครื่องคอมพิวเตอร์,Lenovo ThinkCenter M920 Tower / Monitor ThinkVision S22e,,สองเมือง ศรีสองเมือง,กองนโยบายพัฒนาระบบการเงินภาคประชาชน,
258,43,60401-2128,NO,6,1E+11,เครื่องคอมพิวเตอร์,Lenovo ThinkCenter M920 Tower / Monitor ThinkVision S22e,,เอกอังกูร ป้อมเสมา,กองนโยบายพัฒนาระบบการเงินภาคประชาชน,
259,44,60401-2129,NO,6,1E+11,เครื่องคอมพิวเตอร์,Lenovo ThinkCenter M920 Tower / Monitor ThinkVision S22e,,ศิริพร สุขุมศิริมงคล,กองนโยบายพัฒนาระบบการเงินภาคประชาชน,
260,45,60401-2130,NO,6,1E+11,เครื่องคอมพิวเตอร์,Lenovo ThinkCenter M920 Tower / Monitor ThinkVision S22e,,ญดาณัฐ มีบุญญา,กองนโยบายพัฒนาระบบการเงินภาคประชาชน,
261,46,60401-2131,NO,6,1E+11,เครื่องคอมพิวเตอร์,Lenovo ThinkCenter M920 Tower / Monitor ThinkVision S22e,,กติกา กลิ่นแก้ว,กองนโยบายพัฒนาระบบการเงินภาคประชาชน,
262,47,60401-2132,NO,6,1E+11,เครื่องคอมพิวเตอร์,Lenovo ThinkCenter M920 Tower / Monitor ThinkVision S22e,,ชัยสิทธิ์ บุณยเนตร,กองนโยบายพัฒนาระบบการเงินภาคประชาชน,
263,48,60401-2133,NO,6,1E+11,เครื่องคอมพิวเตอร์,Lenovo ThinkCenter M920 Tower / Monitor ThinkVision S22e,,อัญชิสา อินทร์ฤทธิ์,กองนโยบายพัฒนาระบบการเงินภาคประชาชน,
264,49,60401-2134,NO,6,1E+11,เครื่องคอมพิวเตอร์,Lenovo ThinkCenter M920 Tower / Monitor ThinkVision S22e,,อวิรุทร์ สิริวัฒน์,กองนโยบายพัฒนาระบบการเงินภาคประชาชน,
265,50,60401-2135,NO,6,1E+11,เครื่องคอมพิวเตอร์,Lenovo ThinkCenter M920 Tower / Monitor ThinkVision S22e,,,กองนโยบายพัฒนาระบบการเงินภาคประชาชน,
266,51,60401-2136,NO,6,1E+11,เครื่องคอมพิวเตอร์,Lenovo ThinkCenter M920 Tower / Monitor ThinkVision S22e,,,กองนโยบายพัฒนาระบบการเงินภาคประชาชน,
267,52,60401-2137,NO,6,1E+11,เครื่องคอมพิวเตอร์,Lenovo ThinkCenter M920 Tower / Monitor ThinkVision S22e,,จิรวิทย์ บุญถาวร,กองนโยบายพัฒนาระบบการเงินภาคประชาชน,
268,53,60401-2138,NO,6,1E+11,เครื่องคอมพิวเตอร์,Lenovo ThinkCenter M920 Tower / Monitor ThinkVision S22e,,สัณห์จุฑา พิทักษ์บูรพา,กองนโยบายพัฒนาระบบการเงินภาคประชาชน,
269,54,60401-2139,NO,6,1E+11,เครื่องคอมพิวเตอร์,Lenovo ThinkCenter M920 Tower / Monitor ThinkVision S22e,,อาร์จนา ปานกาญจโนภาส,กองนโยบายพัฒนาระบบการเงินภาคประชาชน,
270,55,60401-2140,NO,6,1E+11,เครื่องคอมพิวเตอร์,Lenovo ThinkCenter M920 Tower / Monitor ThinkVision S22e,,กัลย์สุดา เทียรยุทธ,กองนโยบายพัฒนาระบบการเงินภาคประชาชน,
271,56,60401-2141,NO,6,1E+11,เครื่องคอมพิวเตอร์,Lenovo ThinkCenter M920 Tower / Monitor ThinkVision S22e,,รุ่งทิพย์ จินดาพล,กองนโยบายพัฒนาระบบการเงินภาคประชาชน,
272,57,60401-2142,NO,6,1E+11,เครื่องคอมพิวเตอร์,Lenovo ThinkCenter M920 Tower / Monitor ThinkVision S22e,,วรากร ทองกวาว,กองนโยบายพัฒนาระบบการเงินภาคประชาชน,
273,58,60401-2143,NO,6,1E+11,เครื่องคอมพิวเตอร์,Lenovo ThinkCenter M920 Tower / Monitor ThinkVision S22e,,ทรงพล เบี้ยวทุ่งน้อย,กองนโยบายพัฒนาระบบการเงินภาคประชาชน,
274,59,60401-2144,NO,6,1E+11,เครื่องคอมพิวเตอร์,Lenovo ThinkCenter M920 Tower / Monitor ThinkVision S22e,,รัฐกิจ ภิรมย์,กองนโยบายพัฒนาระบบการเงินภาคประชาชน,
275,60,60401-2145,NO,6,1E+11,เครื่องคอมพิวเตอร์,Lenovo ThinkCenter M920 Tower / Monitor ThinkVision S22e,,ภูผา ก๋งอุบล,กองนโยบายพัฒนาระบบการเงินภาคประชาชน,
276,61,60401-2146,NO,6,1E+11,เครื่องคอมพิวเตอร์,Lenovo ThinkCenter M920 Tower / Monitor ThinkVision S22e,,พนารัตน์ พรายเมฆ,กองนโยบายพัฒนาระบบการเงินภาคประชาชน,
277,62,60401-2147,NO,6,1E+11,เครื่องคอมพิวเตอร์,Lenovo ThinkCenter M920 Tower / Monitor ThinkVision S22e,,ฉัตรเฉลิม องอาจธานศาล,กองนโยบายพัฒนาระบบการเงินภาคประชาชน,
278,63,60401-2148,NO,6,1E+11,เครื่องคอมพิวเตอร์,Lenovo ThinkCenter M920 Tower / Monitor ThinkVision S22e,,โชติวัฒน์ อัมรินทร์,กองนโยบายพัฒนาระบบการเงินภาคประชาชน,
279,64,60401-2149,NO,6,1E+11,เครื่องคอมพิวเตอร์,Lenovo ThinkCenter M920 Tower / Monitor ThinkVision S22e,,ทิวนาถ ดำรงยุทธ,กองนโยบายพัฒนาระบบการเงินภาคประชาชน,
280,65,60401-2150,NO,6,1E+11,เครื่องคอมพิวเตอร์,Lenovo ThinkCenter M920 Tower / Monitor ThinkVision S22e,,,กองนโยบายพัฒนาระบบการเงินภาคประชาชน,
281,66,60401-2186,NO,6,1E+11,เครื่องคอมพิวเตอร์,Lenovo ThinkCenter M920 Tower / Monitor ThinkVision S22e,,กฤติกา โพธิ์ไทรย์,กองนโยบายพัฒนาระบบการเงินภาคประชาชน,
282,67,60401-2199,NO,6,1E+11,เครื่องคอมพิวเตอร์,Lenovo ThinkCenter M920 Tower / Monitor ThinkVision S22e,,,กองนโยบายพัฒนาระบบการเงินภาคประชาชน,
283,68,60402-0697,NO,6,1E+11,เครื่องสำรองไฟ 20 KVA,Syndome TN-R2000S,,,กองนโยบายพัฒนาระบบการเงินภาคประชาชน,โครงการจัดหาระบบเครื่องคอมพิวเตอร์ และระบบเครือข่าย(Infrastructure)ของสำนักนโยบายพัฒนาระบบการเงินภาคประชาชน
284,69,60402-0698,NO,6,,เครื่องสำรองไฟ GXT1000-MT,GXT1000-MT,,,กองนโยบายพัฒนาระบบการเงินภาคประชาชน,"ได้รับการสนับสนุนจากโครงการจัดหาระบบเครื่องคอมพิวเตอร์
และระบบเครือข่าย Infrastructure"
285,70,60402-0740,NO,6,,เครื่องสำรองไฟ (UPS),ยี่ห้อ Cleanline UPS รุ่น L-850A,,,กองนโยบายพัฒนาระบบการเงินภาคประชาชน,ซื้อเครื่องสำรองไฟ 200 เครื่อง
286,71,60402-0940,NO,6,,เครื่องสำรองไฟฟ้าสำหรับเครื่องคอมพิวเตอร์ ยี่ห้อ Ablerex GR800 480WATT,ยี่ห้อ Ablerex GR800 480WATT,,,กองนโยบายพัฒนาระบบการเงินภาคประชาชน,
287,72,60402-0941,NO,6,,4. เครื่องสำรองไฟฟ้าสำหรับเครื่องคอมพิวเตอร์ ยี่ห้อ Ablerex GR800 480WATT,ยี่ห้อ Ablerex GR800 480WATT,,,กองนโยบายพัฒนาระบบการเงินภาคประชาชน,
288,73,60402-0944,NO,6,,เครื่องสำรองไฟฟ้าสำหรับเครื่องคอมพิวเตอร์ ยี่ห้อ Ablerex GR800 480WATT,ยี่ห้อ Ablerex GR800 480WATT,,เมธี เกลี้ยงนิล,กองนโยบายพัฒนาระบบการเงินภาคประชาชน,
289,74,60402-1225,NO,6,,เครื่องสำรองไฟฟ้า ขนาด 800 VA,UPS Chuphotic Mo1000i,,ชยเดช โพธิคามบำรุง,กองนโยบายพัฒนาระบบการเงินภาคประชาชน,
290,75,60402-1226,NO,6,,เครื่องสำรองไฟฟ้า ขนาด 800 VA,UPS Chuphotic Mo1000i,,จิราภรณ์ สุวรรณหงษ์,กองนโยบายพัฒนาระบบการเงินภาคประชาชน,
291,76,60402-1227,NO,6,,เครื่องสำรองไฟฟ้า ขนาด 800 VA,UPS Chuphotic Mo1000i,,จินต์จุฑา วงศาโรจน์,กองนโยบายพัฒนาระบบการเงินภาคประชาชน,
292,77,60402-1228,NO,6,,เครื่องสำรองไฟฟ้า ขนาด 800 VA,UPS Chuphotic Mo1000i,,อุบลวรรณ บริรักษ์กุล,กองนโยบายพัฒนาระบบการเงินภาคประชาชน,
293,78,60402-1229,NO,6,,เครื่องสำรองไฟฟ้า ขนาด 800 VA,UPS Chuphotic Mo1000i,,ปิยะดา เกตุเรืองโรจน์,กองนโยบายพัฒนาระบบการเงินภาคประชาชน,
294,79,60402-1230,NO,6,,เครื่องสำรองไฟฟ้า ขนาด 800 VA,UPS Chuphotic Mo1000i,,สองเมือง ศรีสองเมือง,กองนโยบายพัฒนาระบบการเงินภาคประชาชน,
295,80,60402-1231,NO,6,,เครื่องสำรองไฟฟ้า ขนาด 800 VA,UPS Chuphotic Mo1000i,,เอกอังกูร ป้อมเสมา,กองนโยบายพัฒนาระบบการเงินภาคประชาชน,
296,81,60402-1232,NO,6,,เครื่องสำรองไฟฟ้า ขนาด 800 VA,UPS Chuphotic Mo1000i,,ศิริพร สุขุมศิริมงคล,กองนโยบายพัฒนาระบบการเงินภาคประชาชน,
297,82,60402-1233,NO,6,,เครื่องสำรองไฟฟ้า ขนาด 800 VA,UPS Chuphotic Mo1000i,,ญดาณัฐ มีบุญญา,กองนโยบายพัฒนาระบบการเงินภาคประชาชน,
298,83,60402-1234,NO,6,,เครื่องสำรองไฟฟ้า ขนาด 800 VA,UPS Chuphotic Mo1000i,,กติกา กลิ่นแก้ว,กองนโยบายพัฒนาระบบการเงินภาคประชาชน,
299,84,60402-1235,NO,6,,เครื่องสำรองไฟฟ้า ขนาด 800 VA,UPS Chuphotic Mo1000i,,ชัยสิทธิ์ บุณยเนตร,กองนโยบายพัฒนาระบบการเงินภาคประชาชน,
300,85,60402-1236,NO,6,,เครื่องสำรองไฟฟ้า ขนาด 800 VA,UPS Chuphotic Mo1000i,,อัญชิสา อินทร์ฤทธิ์,กองนโยบายพัฒนาระบบการเงินภาคประชาชน,
301,86,60402-1237,NO,6,,เครื่องสำรองไฟฟ้า ขนาด 800 VA,UPS Chuphotic Mo1000i,,,กองนโยบายพัฒนาระบบการเงินภาคประชาชน,
302,87,60402-1238,NO,6,,เครื่องสำรองไฟฟ้า ขนาด 800 VA,UPS Chuphotic Mo1000i,,สุพัติ์ยา อุตส่าห์,กองนโยบายพัฒนาระบบการเงินภาคประชาชน,
303,88,60402-1239,NO,6,,เครื่องสำรองไฟฟ้า ขนาด 800 VA,UPS Chuphotic Mo1000i,,,กองนโยบายพัฒนาระบบการเงินภาคประชาชน,
304,89,60402-1240,NO,6,,เครื่องสำรองไฟฟ้า ขนาด 800 VA,UPS Chuphotic Mo1000i,,,กองนโยบายพัฒนาระบบการเงินภาคประชาชน,
305,90,60402-1241,NO,6,,เครื่องสำรองไฟฟ้า ขนาด 800 VA,UPS Chuphotic Mo1000i,,,กองนโยบายพัฒนาระบบการเงินภาคประชาชน,
306,91,60402-1242,NO,6,,เครื่องสำรองไฟฟ้า ขนาด 800 VA,UPS Chuphotic Mo1000i,,อาร์จนา ปานกาญจโนภาส,กองนโยบายพัฒนาระบบการเงินภาคประชาชน,
307,92,60402-1243,NO,6,,เครื่องสำรองไฟฟ้า ขนาด 800 VA,UPS Chuphotic Mo1000i,,กัลย์สุดา เทียรยุทธ,กองนโยบายพัฒนาระบบการเงินภาคประชาชน,
308,93,60402-1244,NO,6,,เครื่องสำรองไฟฟ้า ขนาด 800 VA,UPS Chuphotic Mo1000i,,รุ่งทิพย์ จินดาพล,กองนโยบายพัฒนาระบบการเงินภาคประชาชน,
309,94,60402-1245,NO,6,,เครื่องสำรองไฟฟ้า ขนาด 800 VA,UPS Chuphotic Mo1000i,,วรากร ทองกวาว,กองนโยบายพัฒนาระบบการเงินภาคประชาชน,
310,95,60402-1246,NO,6,,เครื่องสำรองไฟฟ้า ขนาด 800 VA,UPS Chuphotic Mo1000i,,ทรงพล เบี้ยวทุ่งน้อย,กองนโยบายพัฒนาระบบการเงินภาคประชาชน,
311,96,60402-1247,NO,6,,เครื่องสำรองไฟฟ้า ขนาด 800 VA,,,รัฐกิจ ภิรมย์,กองนโยบายพัฒนาระบบการเงินภาคประชาชน,
312,97,60402-1248,NO,6,,เครื่องสำรองไฟฟ้า ขนาด 800 VA,UPS Chuphotic Mo1000i,,,กองนโยบายพัฒนาระบบการเงินภาคประชาชน,
313,98,60402-1249,NO,6,,เครื่องสำรองไฟฟ้า ขนาด 800 VA,UPS Chuphotic Mo1000i,,พนารัตน์ พรายเมฆ,กองนโยบายพัฒนาระบบการเงินภาคประชาชน,
314,99,60402-1250,NO,6,,เครื่องสำรองไฟฟ้า ขนาด 800 VA,UPS Chuphotic Mo1000i,,ฉัตรเฉลิม องอาจธานศาล,กองนโยบายพัฒนาระบบการเงินภาคประชาชน,
315,100,60402-1251,NO,6,,เครื่องสำรองไฟฟ้า ขนาด 800 VA,UPS Chuphotic Mo1000i,,โชติวัฒน์ อัมรินทร์,กองนโยบายพัฒนาระบบการเงินภาคประชาชน,
316,101,60402-1252,NO,6,,เครื่องสำรองไฟฟ้า ขนาด 800 VA,UPS Chuphotic Mo1000i,,,กองนโยบายพัฒนาระบบการเงินภาคประชาชน,
317,102,60402-1253,NO,6,,เครื่องสำรองไฟฟ้า ขนาด 800 VA,UPS Chuphotic Mo1000i,,,กองนโยบายพัฒนาระบบการเงินภาคประชาชน,
318,103,60402-1302,NO,6,,เครื่องสำรองไฟฟ้า ขนาด 800 VA,UPS Chuphotic Mo1000i,,กฤติกา โพธิ์ไทรย์,กองนโยบายพัฒนาระบบการเงินภาคประชาชน,
319,104,60402-1324,NO,6,,เครื่องสำรองไฟฟ้า ขนาด 1 KVA,ยี่ห้อ Syndome รุ่น STAR-1000,,,กองนโยบายพัฒนาระบบการเงินภาคประชาชน,
320,105,60402-1325,NO,6,,เครื่องสำรองไฟฟ้า ขนาด 1 KVA,ยี่ห้อ Syndome รุ่น STAR-1000,,,กองนโยบายพัฒนาระบบการเงินภาคประชาชน,
321,106,60402-1326,NO,6,1.1E+11,เครื่องสำรองไฟฟ้า ขนาด 10 KVA,ยี่ห้อ Syndome รุ่น HE-COMBO 10K,,,กองนโยบายพัฒนาระบบการเงินภาคประชาชน,
322,107,60411-0429,NO,6,1E+11,เครื่องพิมพ์เลเซอร์,HP Laser Jet Pro 400 M401dn,,,กองนโยบายพัฒนาระบบการเงินภาคประชาชน,
323,108,60411-0431,NO,6,1E+11,เครื่องพิมพ์เลเซอร์,HP Laser Jet Pro 400 M401dn,,ชยเดช โพธิคามบำรุง,กองนโยบายพัฒนาระบบการเงินภาคประชาชน,
324,109,60411-0522,NO,6,1E+11,เครื่องพิมพ์เลเซอร์สี,ยี่ห้อ RICOH รุ่น SP C250DN,,,กองนโยบายพัฒนาระบบการเงินภาคประชาชน,
325,110,60411-0546,NO,6,1E+11,เครื่องพิมพ์เลเซอร์สี,ยี่ห้อ RICOH รุ่น SP C250DN,,,กองนโยบายพัฒนาระบบการเงินภาคประชาชน,สำรอง อยู่ที่ สพช. 1/2/60
326,111,60411-0556,NO,6,1E+11,Printer HP Laserjet,Pro MFP M125nw,,,กองนโยบายพัฒนาระบบการเงินภาคประชาชน,
327,112,60411-0607,NO,6,,เครื่องพิมพ์เลเซอร์,Printer Brother HL-L6200DW,,,กองนโยบายพัฒนาระบบการเงินภาคประชาชน,
328,113,60411-0632,NO,6,,เครื่องพิมพ์เลเซอร์,Printer Brother HL-L6200DW,,,กองนโยบายพัฒนาระบบการเงินภาคประชาชน,
329,114,60411-0633,NO,6,,เครื่องพิมพ์เลเซอร์,Printer Brother HL-L6200DW,,,กองนโยบายพัฒนาระบบการเงินภาคประชาชน,
330,115,60411-0652,NO,6,,เครื่องพิมพ์เลเซอร์,Printer Ricoh SP C360DNW,,,กองนโยบายพัฒนาระบบการเงินภาคประชาชน,
331,116,60411-0661,NO,6,1.1E+11,เครื่องพิมพ์ชนิดเลเซอร์ หรือ LED สี ชนิด Network แบบที่ 1,ยี่ห้อ HP รุ่น Color LaserJet Pro M255dw,,,กองนโยบายพัฒนาระบบการเงินภาคประชาชน,
332,117,60411-0662,NO,6,1.1E+11,เครื่องพิมพ์ชนิดเลเซอร์ หรือ LED สี ชนิด Network แบบที่ 1,ยี่ห้อ HP รุ่น Color LaserJet Pro M255dw,,,กองนโยบายพัฒนาระบบการเงินภาคประชาชน,update 1 ธค 65
333,118,60411-0688,NO,6,1.1E+11,เครื่องพิมพ์เลเซอร์ สี,ยี่ห้อ HP รุ่น M454dn,,,กองนโยบายพัฒนาระบบการเงินภาคประชาชน,ได้รับการสนับสนุนจากโครงการปรับปรุงระบบโครงสร้างพื้นฐานและระบบเครือข่ายของสำนักนโยบายพัฒนาระบบการเงินภาคประชาชน
334,119,60411-0689,NO,6,1.1E+11,เครื่องพิมพ์เลเซอร์ สี,ยี่ห้อ HP รุ่น M454dn,,,กองนโยบายพัฒนาระบบการเงินภาคประชาชน,ได้รับการสนับสนุนจากโครงการปรับปรุงระบบโครงสร้างพื้นฐานและระบบเครือข่ายของสำนักนโยบายพัฒนาระบบการเงินภาคประชาชน
335,120,60414-0136,NO,6,1E+11,เครื่องสแกนเนอร์ความเร็วสูง ยี่ห้อ FUJITSU,IX500 Scan Snap ix500,,,กองนโยบายพัฒนาระบบการเงินภาคประชาชน,
336,121,60414-0138,NO,6,1E+11,เครื่องสแกนเนอร์ความเร็วสูง ยี่ห้อ FUJITSU,Scan Snap ix500,,สุพัติ์ยา อุตส่าห์,กองนโยบายพัฒนาระบบการเงินภาคประชาชน,
337,122,60414-0172,NO,6,1E+11,เครื่อง SCANNER,ยี่ห้อ FUJITSU รุ่น FI-7160,,,กองนโยบายพัฒนาระบบการเงินภาคประชาชน,
338,123,60414-0173,NO,6,1E+11,เครื่อง SCANNER,ยี่ห้อ FUJITSU รุ่น FI-7160,,,กองนโยบายพัฒนาระบบการเงินภาคประชาชน,
339,124,60414-0174,NO,6,1E+11,เครื่อง SCANNER,ยี่ห้อ FUJITSU รุ่น FI-7160,,,กองนโยบายพัฒนาระบบการเงินภาคประชาชน,
340,125,60414-0198,NO,6,1.1E+11,สแกนเนอร์ สำหรับงานเก็บเอกสารระดับศูนย์บริการ แบบที่ 3 (Auto Document Feeder),ยี่ห้อ FUJITSU รุ่น Image Scanner fi-7160,,,กองนโยบายพัฒนาระบบการเงินภาคประชาชน,
341,126,60414-0199,NO,6,1.1E+11,สแกนเนอร์ สำหรับงานเก็บเอกสารระดับศูนย์บริการ แบบที่ 3 (Auto Document Feeder),ยี่ห้อ FUJITSU รุ่น Image Scanner fi-7160,,,กองนโยบายพัฒนาระบบการเงินภาคประชาชน,
342,127,60415-0402,NO,6,1E+11,"เครื่องคอมพิวเตอร์โน๊ตบุ๊ค ยี่ห้อ Lenovo Ideapad 330S (15"")","ยี่ห้อ Lenovo Ideapad 330S (15"")",,สุดารัตน์ เลิศล้ำ,กองนโยบายพัฒนาระบบการเงินภาคประชาชน,"6/10/66
เครื่องคอมพิวเตอร์โน๊ตบุ๊ค ยี่ห้อ Lenovo Ideapad 330S (15"")
พร้อมโปรแกรมระบบปฏิบัติการซอฟแวร์ Microsoft Office และซอฟแวร์ Antivirus
ซื้อเครื่องคอมพิวเตอร์และอุปกรณ์ตามโครงการงานติดตามการตรวจสอบการดำเนินงานผู้ประกอบการธุรกิจพิโกไฟแนนซ์"
343,128,60415-0404,NO,6,1E+11,"เครื่องคอมพิวเตอร์โน๊ตบุ๊ค ยี่ห้อ Lenovo Ideapad 330S (15"")","ยี่ห้อ Lenovo Ideapad 330S (15"")",,ชยเดช โพธิคามบำรุง,กองนโยบายพัฒนาระบบการเงินภาคประชาชน,"6/10/66
เครื่องคอมพิวเตอร์โน๊ตบุ๊ค ยี่ห้อ Lenovo Ideapad 330S (15"")
พร้อมโปรแกรมระบบปฏิบัติการซอฟแวร์ Microsoft Office และซอฟแวร์ Antivirus
ซื้อเครื่องคอมพิวเตอร์และอุปกรณ์ตามโครงการงานติดตามการตรวจสอบการดำเนินงานผู้ประกอบการธุรกิจพิโกไฟแนนซ์"
344,129,60415-0405,NO,6,1E+11,"เครื่องคอมพิวเตอร์โน๊ตบุ๊ค ยี่ห้อ Lenovo Ideapad 330S (15"")","ยี่ห้อ Lenovo Ideapad 330S (15"")",,สุวนันท์ สวัสดิพัฒนพงศ์,กองนโยบายพัฒนาระบบการเงินภาคประชาชน,"6/10/66
เครื่องคอมพิวเตอร์โน๊ตบุ๊ค ยี่ห้อ Lenovo Ideapad 330S (15"")
พร้อมโปรแกรมระบบปฏิบัติการซอฟแวร์ Microsoft Office และซอฟแวร์ Antivirus
ซื้อเครื่องคอมพิวเตอร์และอุปกรณ์ตามโครงการงานติดตามการตรวจสอบการดำเนินงานผู้ประกอบการธุรกิจพิโกไฟแนนซ์"
345,130,60415-0435,NO,6,1E+11,เครื่องคอมพิวเตอร์โน้ตบุ๊ก,LENOVO THINKBOOK 14-IML,,รุ่งทิพย์ จินดาพล,กองนโยบายพัฒนาระบบการเงินภาคประชาชน,
346,131,60415-0442,NO,6,1E+11,เครื่องคอมพิวเตอร์โน้ตบุ๊ก,LENOVO THINKBOOK 15,,,กองนโยบายพัฒนาระบบการเงินภาคประชาชน,"ได้รับการสนับสนุนจากโครงการพัฒนาระบบสารสนเทศสถาบันการเงินประชาชน Intel Core i5-10210U,8 GB DDR4,256 GB SSD,Windows 10 Pro,Office Home and Business 2019,Antivirus"
347,132,60415-0443,NO,6,1E+11,เครื่องคอมพิวเตอร์โน้ตบุ๊ก,LENOVO THINKBOOK 15,,,กองนโยบายพัฒนาระบบการเงินภาคประชาชน,"ได้รับการสนับสนุนจากโครงการพัฒนาระบบสารสนเทศสถาบันการเงินประชาชน Intel Core i5-10210U,8 GB DDR4,256 GB SSD,Windows 10 Pro,Office Home and Business 2019,Antivirus"
348,133,60415-0444,NO,6,1E+11,เครื่องคอมพิวเตอร์โน้ตบุ๊ก,LENOVO THINKBOOK 15,,,กองนโยบายพัฒนาระบบการเงินภาคประชาชน,"ได้รับการสนับสนุนจากโครงการพัฒนาระบบสารสนเทศสถาบันการเงินประชาชน Intel Core i5-10210U,8 GB DDR4,256 GB SSD,Windows 10 Pro,Office Home and Business 2019,Antivirus"
349,134,60415-0445,NO,6,1E+11,เครื่องคอมพิวเตอร์โน้ตบุ๊ก,LENOVO THINKBOOK 15,,,กองนโยบายพัฒนาระบบการเงินภาคประชาชน,"ได้รับการสนับสนุนจากโครงการพัฒนาระบบสารสนเทศสถาบันการเงินประชาชน Intel Core i5-10210U,8 GB DDR4,256 GB SSD,Windows 10 Pro,Office Home and Business 2019,Antivirus"
350,135,60415-0448,NO,6,1.1E+11,เครื่องคอมพิวเตอร์โน้ตบุ๊ก สำหรับประมวลผล,ยี่ห้อ Dell รุ่น LATITUDE 5310,,,กองนโยบายพัฒนาระบบการเงินภาคประชาชน,
351,136,60415-0449,NO,6,1.1E+11,เครื่องคอมพิวเตอร์โน้ตบุ๊ก สำหรับประมวลผล,ยี่ห้อ Dell รุ่น LATITUDE 5310,,,กองนโยบายพัฒนาระบบการเงินภาคประชาชน,
352,137,60415-0450,NO,6,1.1E+11,เครื่องคอมพิวเตอร์โน้ตบุ๊ก สำหรับประมวลผล,ยี่ห้อ Dell รุ่น LATITUDE 5310,,,กองนโยบายพัฒนาระบบการเงินภาคประชาชน,
353,138,60415-0451,NO,6,1.1E+11,เครื่องคอมพิวเตอร์โน้ตบุ๊ก สำหรับประมวลผล,ยี่ห้อ Dell รุ่น LATITUDE 5310,,,กองนโยบายพัฒนาระบบการเงินภาคประชาชน,
354,139,60415-0452,NO,6,1.1E+11,เครื่องคอมพิวเตอร์โน้ตบุ๊ก สำหรับประมวลผล,ยี่ห้อ Dell รุ่น LATITUDE 5310,,,กองนโยบายพัฒนาระบบการเงินภาคประชาชน,
355,140,60415-0456,NO,6,1.1E+11,เครื่องคอมพิวเตอร์โน๊ตบุ๊ก,ยี่ห้อ Lenovo รุ่น V15 G3,,,กองนโยบายพัฒนาระบบการเงินภาคประชาชน,ได้รับการสนับสนุนจากโครงการปรับปรุงระบบโครงสร้างพื้นฐานและระบบเครือข่ายของสำนักนโยบายพัฒนาระบบการเงินภาคประชาชน
356,141,60417-0155,NO,6,1E+11,เครื่องคอมพิวเตอร์แม่ข่าย Dell รุ่น PowerEdge R430,ยี่ห้อ Dell รุ่น PowerEdge R430,,,กองนโยบายพัฒนาระบบการเงินภาคประชาชน,
357,142,60417-0177,NO,6,1.1E+11,เครื่องคอมพิวเตอร์แม่ข่าย แบบ HYper Converged,ยี่ห้อ HPE รุ่น SimPliVity 380 Gen G Node,,,กองนโยบายพัฒนาระบบการเงินภาคประชาชน,
358,143,60417-0178,NO,6,1.1E+11,เครื่องคอมพิวเตอร์แม่ข่าย แบบ HYper Converged,ยี่ห้อ HPE รุ่น SimPliVity 380 Gen G Node,,,กองนโยบายพัฒนาระบบการเงินภาคประชาชน,
359,144,60417-0179,NO,6,1.1E+11,เครื่องคอมพิวเตอร์แม่ข่าย แบบที่ 1,ยี่ห้อ HPE รุ่น Porliant DL 360 Gen10 Plus Server,,,กองนโยบายพัฒนาระบบการเงินภาคประชาชน,
360,145,60420-0035,NO,6,1E+11,Blade Chassis หรือ Enclosure,HP BladeSystem c3000 Enclosure,,,กองนโยบายพัฒนาระบบการเงินภาคประชาชน,โครงการจัดหาระบบเครื่องคอมพิวเตอร์ และระบบเครือข่าย(Infrastructure)ของสำนักนโยบายพัฒนาระบบการเงินภาคประชาชน
361,146,60420-0036,NO,6,1E+11,Blade Server ทำหน้าที่เป็นDomaincontroller,HP Proliant BL460c Generation 7 (G7) 1,,,กองนโยบายพัฒนาระบบการเงินภาคประชาชน,โครงการจัดหาระบบเครื่องคอมพิวเตอร์ และระบบเครือข่าย(Infrastructure)ของสำนักนโยบายพัฒนาระบบการเงินภาคประชาชน
362,147,60420-0037,NO,6,1E+11,Blade Server ทำหน้าที่เป็นDomaincontroller,HP Proliant BL460c Generation 7 (G7) 2,,,กองนโยบายพัฒนาระบบการเงินภาคประชาชน,โครงการจัดหาระบบเครื่องคอมพิวเตอร์ และระบบเครือข่าย(Infrastructure)ของสำนักนโยบายพัฒนาระบบการเงินภาคประชาชน
363,148,60420-0038,NO,6,1E+11,อุปกรณ์ป้องกันเครือข่าย Firewall,StoneGate FW-1030,,,กองนโยบายพัฒนาระบบการเงินภาคประชาชน,โครงการจัดหาระบบเครื่องคอมพิวเตอร์ และระบบเครือข่าย(Infrastructure)ของสำนักนโยบายพัฒนาระบบการเงินภาคประชาชน
364,149,60420-0039,NO,6,1E+11,อุปกรณ์กระจายสัญญาณ L2 Switch ขนาด 24 ช่อง,Cisco SG500 (1),,,กองนโยบายพัฒนาระบบการเงินภาคประชาชน,โครงการจัดหาระบบเครื่องคอมพิวเตอร์ และระบบเครือข่าย(Infrastructure)ของสำนักนโยบายพัฒนาระบบการเงินภาคประชาชน
365,150,60420-0040,NO,6,1E+11,อุปกรณ์กระจายสัญญาณ L2 Switch ขนาด 24 ช่อง,Cisco SG500 (2),,,กองนโยบายพัฒนาระบบการเงินภาคประชาชน,โครงการจัดหาระบบเครื่องคอมพิวเตอร์ และระบบเครือข่าย(Infrastructure)ของสำนักนโยบายพัฒนาระบบการเงินภาคประชาชน
366,151,60420-0041,NO,6,1E+11,อุปกรณ์กระจายสัญญาณ L2 Switch ขนาด 24 ช่อง,Cisco SG500 (3),,,กองนโยบายพัฒนาระบบการเงินภาคประชาชน,โครงการจัดหาระบบเครื่องคอมพิวเตอร์ และระบบเครือข่าย(Infrastructure)ของสำนักนโยบายพัฒนาระบบการเงินภาคประชาชน
367,152,60420-0042,NO,6,1E+11,อุปกรณ์กระจายสัญญาณ L3 Switch ขนาด 24 ช่อง,Cisco SG500,,,กองนโยบายพัฒนาระบบการเงินภาคประชาชน,โครงการจัดหาระบบเครื่องคอมพิวเตอร์ และระบบเครือข่าย(Infrastructure)ของสำนักนโยบายพัฒนาระบบการเงินภาคประชาชน
368,153,60420-0043,NO,6,1E+11,อุปกรณ์ Router,Cisco 1921,,,กองนโยบายพัฒนาระบบการเงินภาคประชาชน,โครงการจัดหาระบบเครื่องคอมพิวเตอร์ และระบบเครือข่าย(Infrastructure)ของสำนักนโยบายพัฒนาระบบการเงินภาคประชาชน
369,154,60420-0044,NO,6,1E+11,อุปกรณ์ป้องกันและตอบโต้การบุกรุกบนเครือข่าย IPD,Stone Gate IPS-1205,,,กองนโยบายพัฒนาระบบการเงินภาคประชาชน,โครงการจัดหาระบบเครื่องคอมพิวเตอร์ และระบบเครือข่าย(Infrastructure)ของสำนักนโยบายพัฒนาระบบการเงินภาคประชาชน
370,155,60420-0047,NO,6,1E+11,อุปกรณ์กระจายสัญญาณ (L2 Switch) ขนาด 24 ช่อง,ยี่ห้อ Dell รุ่น X1026,,,กองนโยบายพัฒนาระบบการเงินภาคประชาชน,
371,156,60422-0083,NO,6,,อุปกรณ์กระจายสัญญาณ,DGS-1016D,,,กองนโยบายพัฒนาระบบการเงินภาคประชาชน,
372,157,60425-0051,NO,6,,External Disk ความจุไม่น้อยกว่า 2 TB,Seagate Backup Plus Desktop,,,กองนโยบายพัฒนาระบบการเงินภาคประชาชน,
373,158,60425-0052,NO,6,,External Disk ความจุไม่น้อยกว่า 2 TB,Seagate Backup Plus Desktop,,,กองนโยบายพัฒนาระบบการเงินภาคประชาชน,
374,159,60425-0053,NO,6,,External Disk ความจุไม่น้อยกว่า 2 TB,Seagate Backup Plus Desktop,,,กองนโยบายพัฒนาระบบการเงินภาคประชาชน,
375,160,60425-0054,NO,6,,External Disk ความจุไม่น้อยกว่า 2 TB,Seagate Backup Plus Desktop,,,กองนโยบายพัฒนาระบบการเงินภาคประชาชน,
376,161,60425-0055,NO,6,,External Disk ความจุไม่น้อยกว่า 2 TB,Seagate Backup Plus Desktop,,,กองนโยบายพัฒนาระบบการเงินภาคประชาชน,
377,162,60425-0056,NO,6,,External Disk ความจุไม่น้อยกว่า 2 TB,Seagate Backup Plus Desktop,,,กองนโยบายพัฒนาระบบการเงินภาคประชาชน,
378,163,60425-0057,NO,6,,External Disk ความจุไม่น้อยกว่า 2 TB,Seagate Backup Plus Desktop,,,กองนโยบายพัฒนาระบบการเงินภาคประชาชน,
379,164,60425-0058,NO,6,,External Disk ความจุไม่น้อยกว่า 2 TB,Seagate Backup Plus Desktop,,,กองนโยบายพัฒนาระบบการเงินภาคประชาชน,
380,165,60425-0059,NO,6,,External Disk ความจุไม่น้อยกว่า 2 TB,Seagate Backup Plus Desktop,,,กองนโยบายพัฒนาระบบการเงินภาคประชาชน,
381,166,60425-0060,NO,6,,External Disk ความจุไม่น้อยกว่า 2 TB,Seagate Backup Plus Desktop,,,กองนโยบายพัฒนาระบบการเงินภาคประชาชน,
382,167,60425-0061,NO,6,,External Disk ความจุไม่น้อยกว่า 2 TB,Seagate Backup Plus Desktop,,,กองนโยบายพัฒนาระบบการเงินภาคประชาชน,
383,168,60425-0062,NO,6,,External Disk ความจุไม่น้อยกว่า 2 TB,Seagate Backup Plus Desktop,,,กองนโยบายพัฒนาระบบการเงินภาคประชาชน,
384,169,60425-0063,NO,6,,External Disk ความจุไม่น้อยกว่า 2 TB,Seagate Backup Plus Desktop,,,กองนโยบายพัฒนาระบบการเงินภาคประชาชน,
385,170,60425-0064,NO,6,,External Disk ความจุไม่น้อยกว่า 2 TB,Seagate Backup Plus Desktop,,,กองนโยบายพัฒนาระบบการเงินภาคประชาชน,
386,171,60425-0065,NO,6,,External Disk ความจุไม่น้อยกว่า 2 TB,Seagate Backup Plus Desktop,,,กองนโยบายพัฒนาระบบการเงินภาคประชาชน,
387,172,60425-0066,NO,6,,External Disk ความจุไม่น้อยกว่า 2 TB,Seagate Backup Plus Desktop,,,กองนโยบายพัฒนาระบบการเงินภาคประชาชน,
388,173,60425-0067,NO,6,,External Disk ความจุไม่น้อยกว่า 2 TB,Seagate Backup Plus Desktop,,,กองนโยบายพัฒนาระบบการเงินภาคประชาชน,
389,174,60425-0068,NO,6,,External Disk ความจุไม่น้อยกว่า 2 TB,Seagate Backup Plus Desktop,,,กองนโยบายพัฒนาระบบการเงินภาคประชาชน,
390,175,60425-0069,NO,6,,External Disk ความจุไม่น้อยกว่า 2 TB,Seagate Backup Plus Desktop,,,กองนโยบายพัฒนาระบบการเงินภาคประชาชน,
391,176,60425-0070,NO,6,,External Disk ความจุไม่น้อยกว่า 2 TB,Seagate Backup Plus Desktop,,,กองนโยบายพัฒนาระบบการเงินภาคประชาชน,
392,177,60425-0071,NO,6,,External Disk ความจุไม่น้อยกว่า 2 TB,Seagate Backup Plus Desktop,,,กองนโยบายพัฒนาระบบการเงินภาคประชาชน,
393,178,60425-0072,NO,6,,External Disk ความจุไม่น้อยกว่า 2 TB,Seagate Backup Plus Desktop,,,กองนโยบายพัฒนาระบบการเงินภาคประชาชน,
394,179,60425-0073,NO,6,,External Disk ความจุไม่น้อยกว่า 2 TB,Seagate Backup Plus Desktop,,,กองนโยบายพัฒนาระบบการเงินภาคประชาชน,
395,180,60425-0074,NO,6,,External Disk ความจุไม่น้อยกว่า 2 TB,Seagate Backup Plus Desktop,,,กองนโยบายพัฒนาระบบการเงินภาคประชาชน,
396,181,60425-0075,NO,6,,External Disk ความจุไม่น้อยกว่า 2 TB,Seagate Backup Plus Desktop,,,กองนโยบายพัฒนาระบบการเงินภาคประชาชน,
397,182,60425-0076,NO,6,,External Disk ความจุไม่น้อยกว่า 2 TB,Seagate Backup Plus Desktop,,,กองนโยบายพัฒนาระบบการเงินภาคประชาชน,
398,183,60425-0077,NO,6,,External Disk ความจุไม่น้อยกว่า 2 TB,Seagate Backup Plus Desktop,,,กองนโยบายพัฒนาระบบการเงินภาคประชาชน,
399,184,60425-0078,NO,6,,External Disk ความจุไม่น้อยกว่า 2 TB,Seagate Backup Plus Desktop,,,กองนโยบายพัฒนาระบบการเงินภาคประชาชน,
400,185,60425-0079,NO,6,,External Disk ความจุไม่น้อยกว่า 2 TB,Seagate Backup Plus Desktop,,,กองนโยบายพัฒนาระบบการเงินภาคประชาชน,
401,186,60425-0080,NO,6,,External Disk ความจุไม่น้อยกว่า 2 TB,Seagate Backup Plus Desktop,,,กองนโยบายพัฒนาระบบการเงินภาคประชาชน,
402,187,60425-0081,NO,6,,External Disk ความจุไม่น้อยกว่า 2 TB,Seagate Backup Plus Desktop,,,กองนโยบายพัฒนาระบบการเงินภาคประชาชน,
403,188,60425-0082,NO,6,,External Disk ความจุไม่น้อยกว่า 2 TB,Seagate Backup Plus Desktop,,,กองนโยบายพัฒนาระบบการเงินภาคประชาชน,
404,189,60425-0083,NO,6,,External Disk ความจุไม่น้อยกว่า 2 TB,Seagate Backup Plus Desktop,,,กองนโยบายพัฒนาระบบการเงินภาคประชาชน,
405,190,60425-0084,NO,6,,External Disk ความจุไม่น้อยกว่า 2 TB,Seagate Backup Plus Desktop,,,กองนโยบายพัฒนาระบบการเงินภาคประชาชน,
406,191,60425-0085,NO,6,,External Disk ความจุไม่น้อยกว่า 2 TB,Seagate Backup Plus Desktop,,,กองนโยบายพัฒนาระบบการเงินภาคประชาชน,
407,192,60425-0086,NO,6,,External Disk ความจุไม่น้อยกว่า 2 TB,Seagate Backup Plus Desktop,,,กองนโยบายพัฒนาระบบการเงินภาคประชาชน,
408,193,60425-0087,NO,6,,External Disk ความจุไม่น้อยกว่า 2 TB,Seagate Backup Plus Desktop,,,กองนโยบายพัฒนาระบบการเงินภาคประชาชน,
409,194,60425-0088,NO,6,,External Disk ความจุไม่น้อยกว่า 2 TB,Seagate Backup Plus Desktop,,,กองนโยบายพัฒนาระบบการเงินภาคประชาชน,
410,195,60425-0089,NO,6,,External Disk ความจุไม่น้อยกว่า 2 TB,Seagate Backup Plus Desktop,,,กองนโยบายพัฒนาระบบการเงินภาคประชาชน,
411,196,60425-0090,NO,6,,External Disk ความจุไม่น้อยกว่า 2 TB,Seagate Backup Plus Desktop,,,กองนโยบายพัฒนาระบบการเงินภาคประชาชน,
412,197,60425-0091,NO,6,,External Disk ความจุไม่น้อยกว่า 2 TB,Seagate Backup Plus Desktop,,,กองนโยบายพัฒนาระบบการเงินภาคประชาชน,
413,198,60425-0092,NO,6,,External Disk ความจุไม่น้อยกว่า 2 TB,Seagate Backup Plus Desktop,,,กองนโยบายพัฒนาระบบการเงินภาคประชาชน,
414,199,60425-0093,NO,6,,External Disk ความจุไม่น้อยกว่า 2 TB,Seagate Backup Plus Desktop,,,กองนโยบายพัฒนาระบบการเงินภาคประชาชน,
415,200,60425-0094,NO,6,,External Disk ความจุไม่น้อยกว่า 2 TB,Seagate Backup Plus Desktop,,,กองนโยบายพัฒนาระบบการเงินภาคประชาชน,
416,201,60425-0095,NO,6,,External Disk ความจุไม่น้อยกว่า 2 TB,Seagate Backup Plus Desktop,,,กองนโยบายพัฒนาระบบการเงินภาคประชาชน,
417,202,60425-0096,NO,6,,External Disk ความจุไม่น้อยกว่า 2 TB,Seagate Backup Plus Desktop,,,กองนโยบายพัฒนาระบบการเงินภาคประชาชน,
418,203,60425-0097,NO,6,,External Disk ความจุไม่น้อยกว่า 2 TB,Seagate Backup Plus Desktop,,,กองนโยบายพัฒนาระบบการเงินภาคประชาชน,
419,204,60425-0098,NO,6,,External Disk ความจุไม่น้อยกว่า 2 TB,Seagate Backup Plus Desktop,,,กองนโยบายพัฒนาระบบการเงินภาคประชาชน,
420,205,60425-0099,NO,6,,External Disk ความจุไม่น้อยกว่า 2 TB,Seagate Backup Plus Desktop,,,กองนโยบายพัฒนาระบบการเงินภาคประชาชน,
421,206,60425-0100,NO,6,,External Disk ความจุไม่น้อยกว่า 2 TB,Seagate Backup Plus Desktop,,,กองนโยบายพัฒนาระบบการเงินภาคประชาชน,
422,207,60425-0101,NO,6,,External Disk ความจุไม่น้อยกว่า 2 TB,Seagate Backup Plus Desktop,,,กองนโยบายพัฒนาระบบการเงินภาคประชาชน,
423,208,60425-0102,NO,6,,External Disk ความจุไม่น้อยกว่า 2 TB,Seagate Backup Plus Desktop,,,กองนโยบายพัฒนาระบบการเงินภาคประชาชน,
424,209,60425-0103,NO,6,,External Disk ความจุไม่น้อยกว่า 2 TB,Seagate Backup Plus Desktop,,,กองนโยบายพัฒนาระบบการเงินภาคประชาชน,
425,210,60425-0104,NO,6,,External Disk ความจุไม่น้อยกว่า 2 TB,Seagate Backup Plus Desktop,,,กองนโยบายพัฒนาระบบการเงินภาคประชาชน,
426,211,60425-0105,NO,6,,External Disk ความจุไม่น้อยกว่า 2 TB,Seagate Backup Plus Desktop,,,กองนโยบายพัฒนาระบบการเงินภาคประชาชน,
427,212,60425-0106,NO,6,,External Disk ความจุไม่น้อยกว่า 2 TB,Seagate Backup Plus Desktop,,,กองนโยบายพัฒนาระบบการเงินภาคประชาชน,
428,213,60425-0107,NO,6,,External Disk ความจุไม่น้อยกว่า 2 TB,Seagate Backup Plus Desktop,,,กองนโยบายพัฒนาระบบการเงินภาคประชาชน,
429,214,60425-0108,NO,6,,External Disk ความจุไม่น้อยกว่า 2 TB,Seagate Backup Plus Desktop,,,กองนโยบายพัฒนาระบบการเงินภาคประชาชน,
430,215,60425-0109,NO,6,,External Disk ความจุไม่น้อยกว่า 2 TB,Seagate Backup Plus Desktop,,,กองนโยบายพัฒนาระบบการเงินภาคประชาชน,
431,216,60436-0001,NO,6,1.1E+11,อุปกรณ์กระจายสัญญาณหลัก (Core Switch) ยี่ห้อ Aruba,ยี่ห้อ Aruba 8360-24XF2C Switch,,,กองนโยบายพัฒนาระบบการเงินภาคประชาชน,โครงการปรับปรุงระบบโครงสร้างพื้นฐานและระบบเครือข่ายของสำนักนโยบายพัฒนาระบบการเงินภาคประชาชน
432,217,60436-0002,NO,6,1.1E+11,อุปกรณ์กระจายสัญญาณหลัก (Core Switch) ยี่ห้อ Aruba,ยี่ห้อ Aruba 8360-24XF2C Switch,,,กองนโยบายพัฒนาระบบการเงินภาคประชาชน,
433,218,60436-0003,NO,6,1.1E+11,อุปกรณ์กระจายสัญญาณ (L3 Switch) ขนาด 24 ช่อง,ยี่ห้อ Aruba รุ่น 6200F 24G 4SFP+Switch,,,กองนโยบายพัฒนาระบบการเงินภาคประชาชน,
434,219,60436-0004,NO,6,1.1E+11,อุปกรณ์กระจายสัญญาณ (L3 Switch) ขนาด 24 ช่อง,ยี่ห้อ Aruba รุ่น 6200F 24G 4SFP+Switch,,,กองนโยบายพัฒนาระบบการเงินภาคประชาชน,
435,220,60436-0005,NO,6,1.1E+11,อุปกรณ์กระจายสัญญาณ (L3 Switch) ขนาด 24 ช่อง,ยี่ห้อ Aruba รุ่น 6200F 24G 4SFP+Switch,,,กองนโยบายพัฒนาระบบการเงินภาคประชาชน,
436,221,60436-0006,NO,6,1.1E+11,อุปกรณ์กระจายสัญญาณ (L3 Switch) ขนาด 24 ช่อง,ยี่ห้อ Aruba รุ่น 6200F 24G 4SFP+Switch,,,กองนโยบายพัฒนาระบบการเงินภาคประชาชน,
437,222,60436-0007,NO,6,1.1E+11,อุปกรณ์กระจายสัญญาณ (L3 Switch) ขนาด 24 ช่อง แบบ PoE+,ยี่ห้อ Aruba รุ่น 6200F 24G Class4 PoE+370W Switch,,,กองนโยบายพัฒนาระบบการเงินภาคประชาชน,
438,223,60436-0008,NO,6,1.1E+11,อุปกรณ์กระจายสัญญาณ (L3 Switch) ขนาด 24 ช่อง แบบ PoE+,ยี่ห้อ Aruba รุ่น 6200F 24G Class4 PoE+370W Switch,,,กองนโยบายพัฒนาระบบการเงินภาคประชาชน,
439,224,60436-0009,NO,6,1.1E+11,อุปกรณ์ควบคุมระบบเครือข่ายไร้สาย (Wireless Controller),ยี่ห้อ Aruba รุ่น 9004,,,กองนโยบายพัฒนาระบบการเงินภาคประชาชน,
440,225,60436-0010,NO,6,1.1E+11,อุปกรณ์ควบคุมระบบเครือข่ายไร้สาย (Wireless Controller),ยี่ห้อ Aruba รุ่น 9004,,,กองนโยบายพัฒนาระบบการเงินภาคประชาชน,
441,226,60436-0011,NO,6,1.1E+11,อุปกรณ์กระจายสัญญาณแบบไร้สาย (Access Point),ยี่ห้อ Aruba รุ่น AP 515,,,กองนโยบายพัฒนาระบบการเงินภาคประชาชน,
442,227,60436-0012,NO,6,1.1E+11,อุปกรณ์กระจายสัญญาณแบบไร้สาย (Access Point),ยี่ห้อ Aruba รุ่น AP 515,,,กองนโยบายพัฒนาระบบการเงินภาคประชาชน,
443,228,60436-0013,NO,6,1.1E+11,อุปกรณ์กระจายสัญญาณแบบไร้สาย (Access Point),ยี่ห้อ Aruba รุ่น AP 515,,,กองนโยบายพัฒนาระบบการเงินภาคประชาชน,
444,229,60436-0014,NO,6,1.1E+11,อุปกรณ์กระจายสัญญาณแบบไร้สาย (Access Point),ยี่ห้อ Aruba รุ่น AP 515,,,กองนโยบายพัฒนาระบบการเงินภาคประชาชน,
445,230,60436-0015,NO,6,1.1E+11,อุปกรณ์กระจายสัญญาณแบบไร้สาย (Access Point),ยี่ห้อ Aruba รุ่น AP 515,,,กองนโยบายพัฒนาระบบการเงินภาคประชาชน,
446,231,60436-0016,NO,6,1.1E+11,อุปกรณ์กระจายสัญญาณแบบไร้สาย (Access Point),ยี่ห้อ Aruba รุ่น AP 515,,,กองนโยบายพัฒนาระบบการเงินภาคประชาชน,
447,232,60436-0017,NO,6,1.1E+11,อุปกรณ์กระจายสัญญาณแบบไร้สาย (Access Point),ยี่ห้อ Aruba รุ่น AP 515,,,กองนโยบายพัฒนาระบบการเงินภาคประชาชน,
448,233,60436-0018,NO,6,1.1E+11,อุปกรณ์กระจายสัญญาณแบบไร้สาย (Access Point),ยี่ห้อ Aruba รุ่น AP 515,,,กองนโยบายพัฒนาระบบการเงินภาคประชาชน,
449,234,60436-0019,NO,6,1.1E+11,อุปกรณ์กระจายสัญญาณแบบไร้สาย (Access Point),ยี่ห้อ Aruba รุ่น AP 515,,,กองนโยบายพัฒนาระบบการเงินภาคประชาชน,
450,235,60436-0020,NO,6,1.1E+11,อุปกรณ์กระจายสัญญาณแบบไร้สาย (Access Point),ยี่ห้อ Aruba รุ่น AP 515,,,กองนโยบายพัฒนาระบบการเงินภาคประชาชน,
451,236,60436-0021,NO,6,1.1E+11,อุปกรณ์กระจายสัญญาณแบบไร้สาย (Access Point),ยี่ห้อ Aruba รุ่น AP 515,,,กองนโยบายพัฒนาระบบการเงินภาคประชาชน,
452,237,60436-0022,NO,6,1.1E+11,อุปกรณ์กระจายสัญญาณแบบไร้สาย (Access Point),ยี่ห้อ Aruba รุ่น AP 515,,,กองนโยบายพัฒนาระบบการเงินภาคประชาชน,
453,238,60436-0024,NO,6,1.1E+11,อุปกรณ์กระจายสัญญาณแบบไร้สาย (Access Point),ยี่ห้อ Aruba รุ่น AP 515,,,กองนโยบายพัฒนาระบบการเงินภาคประชาชน,
454,239,60436-0025,NO,6,1.1E+11,อุปกรณ์กระจายสัญญาณแบบไร้สาย (Access Point),ยี่ห้อ Aruba รุ่น AP 515,,,กองนโยบายพัฒนาระบบการเงินภาคประชาชน,
455,240,60436-0026,NO,6,1.1E+11,อุปกรณ์กระจายสัญญาณแบบไร้สาย (Access Point),ยี่ห้อ Aruba รุ่น AP 515,,,กองนโยบายพัฒนาระบบการเงินภาคประชาชน,
456,241,60606-0013,NO,6,1E+11,Taplet Samsung Galaxy Tab2 10.1,,,,กองนโยบายพัฒนาระบบการเงินภาคประชาชน,"ได้รับการสนับสนุนจากโครงการจัดหาระบบเครื่องคอมพิวเตอร์
และระบบเครือข่าย Infrastructure"
457,242,60606-0014,NO,6,1E+11,Taplet Samsung Galaxy Tab2 10.1,,,,กองนโยบายพัฒนาระบบการเงินภาคประชาชน,"ได้รับการสนับสนุนจากโครงการจัดหาระบบเครื่องคอมพิวเตอร์
และระบบเครือข่าย Infrastructure"
458,243,60606-0066,NO,6,1E+11,Taplet  ยี่ห้อ Microsoft,surface Pro3,,,กองนโยบายพัฒนาระบบการเงินภาคประชาชน,โครงการเพิ่มประสิทธิภาพการทำงานของข้าราชการ สศค.
459,244,60606-0067,NO,6,1E+11,Taplet  ยี่ห้อ Microsoft,surface Pro3,,,กองนโยบายพัฒนาระบบการเงินภาคประชาชน,โครงการเพิ่มประสิทธิภาพการทำงานของข้าราชการ สศค.
460,245,60606-0069,NO,6,1E+11,Taplet  ยี่ห้อ Microsoft,surface Pro3,,,กองนโยบายพัฒนาระบบการเงินภาคประชาชน,โครงการเพิ่มประสิทธิภาพการทำงานของข้าราชการ สศค.
461,246,60606-0070,NO,6,1E+11,Taplet  ยี่ห้อ Microsoft,surface Pro3,,,กองนโยบายพัฒนาระบบการเงินภาคประชาชน,โครงการเพิ่มประสิทธิภาพการทำงานของข้าราชการ สศค.
462,247,60606-0072,NO,6,1E+11,Taplet  ยี่ห้อ Microsoft,surface Pro3,,,กองนโยบายพัฒนาระบบการเงินภาคประชาชน,โครงการเพิ่มประสิทธิภาพการทำงานของข้าราชการ สศค.
463,248,60606-0073,NO,6,1E+11,Taplet  ยี่ห้อ Microsoft,surface Pro3,,,กองนโยบายพัฒนาระบบการเงินภาคประชาชน,โครงการเพิ่มประสิทธิภาพการทำงานของข้าราชการ สศค.
464,249,60606-0095,NO,6,1E+11,Taplet  ยี่ห้อ Microsoft,surface Pro3,,,กองนโยบายพัฒนาระบบการเงินภาคประชาชน,โครงการเพิ่มประสิทธิภาพการทำงานของข้าราชการ สศค.
465,250,60606-0135,NO,6,1E+11,คอมพิวเตอร์แท็ปเล็ต,I PAD PRO 11 (128GB),,,กองนโยบายพัฒนาระบบการเงินภาคประชาชน,
466,251,60606-0154,NO,6,1.1E+11,คอมพิวเตอร์แท็ปเล็ต,ยี่ห้อ Apple รุ่น iPad Pro 11 นิ้ว 128 GB/Wifi + Cellular,,,กองนโยบายพัฒนาระบบการเงินภาคประชาชน,
467,252,60606-0155,NO,6,1.1E+11,คอมพิวเตอร์แท็ปเล็ต,ยี่ห้อ Apple รุ่น iPad Pro 11 นิ้ว 128 GB/Wifi + Cellular,,,กองนโยบายพัฒนาระบบการเงินภาคประชาชน,
468,253,60606-0156,NO,6,1.1E+11,คอมพิวเตอร์แท็ปเล็ต,ยี่ห้อ Apple รุ่น iPad Pro 11 นิ้ว 128 GB/Wifi + Cellular,,,กองนโยบายพัฒนาระบบการเงินภาคประชาชน,
469,254,60606-0157,NO,6,1.1E+11,คอมพิวเตอร์แท็ปเล็ต,ยี่ห้อ Apple รุ่น iPad Pro 11 นิ้ว 128 GB/Wifi + Cellular,,,กองนโยบายพัฒนาระบบการเงินภาคประชาชน,
470,255,60606-0158,NO,6,1.1E+11,คอมพิวเตอร์แท็ปเล็ต,ยี่ห้อ Apple รุ่น iPad Pro 11 นิ้ว 128 GB/Wifi + Cellular,,,กองนโยบายพัฒนาระบบการเงินภาคประชาชน,
471,256,60606-0159,NO,6,1.1E+11,คอมพิวเตอร์แท็ปเล็ต,ยี่ห้อ Apple รุ่น iPad Pro 11 นิ้ว 128 GB/Wifi + Cellular,,,กองนโยบายพัฒนาระบบการเงินภาคประชาชน,
472,257,60606-0160,NO,6,1.1E+11,คอมพิวเตอร์แท็ปเล็ต,ยี่ห้อ Apple รุ่น iPad Pro 11 นิ้ว 128 GB/Wifi + Cellular,,,กองนโยบายพัฒนาระบบการเงินภาคประชาชน,
473,258,60606-0161,NO,6,1.1E+11,คอมพิวเตอร์แท็ปเล็ต,ยี่ห้อ Apple รุ่น iPad Pro 11 นิ้ว 128 GB/Wifi + Cellular,,,กองนโยบายพัฒนาระบบการเงินภาคประชาชน,
474,259,60606-0162,NO,6,1.1E+11,คอมพิวเตอร์แท็ปเล็ต,ยี่ห้อ Apple รุ่น iPad Pro 11 นิ้ว 128 GB/Wifi + Cellular,,,กองนโยบายพัฒนาระบบการเงินภาคประชาชน,
475,260,60606-0163,NO,6,1.1E+11,คอมพิวเตอร์แท็ปเล็ต,ยี่ห้อ Apple รุ่น iPad Pro 11 นิ้ว 128 GB/Wifi + Cellular,,,กองนโยบายพัฒนาระบบการเงินภาคประชาชน,
476,261,60606-0164,NO,6,1.1E+11,คอมพิวเตอร์แท็ปเล็ต,ยี่ห้อ Apple รุ่น iPad Pro 11 นิ้ว 128 GB/Wifi + Cellular,,,กองนโยบายพัฒนาระบบการเงินภาคประชาชน,
477,262,60606-0165,NO,6,1.1E+11,คอมพิวเตอร์แท็ปเล็ต,ยี่ห้อ Apple รุ่น iPad Pro 11 นิ้ว 128 GB/Wifi + Cellular,,,กองนโยบายพัฒนาระบบการเงินภาคประชาชน,
478,263,60606-0166,NO,6,1.1E+11,คอมพิวเตอร์แท็ปเล็ต,ยี่ห้อ Apple รุ่น iPad Pro 11 นิ้ว 128 GB/Wifi + Cellular,,,กองนโยบายพัฒนาระบบการเงินภาคประชาชน,
479,264,60606-0167,NO,6,1.1E+11,คอมพิวเตอร์แท็ปเล็ต,ยี่ห้อ Apple รุ่น iPad Pro 11 นิ้ว 128 GB/Wifi + Cellular,,,กองนโยบายพัฒนาระบบการเงินภาคประชาชน,
480,265,60606-0168,NO,6,1.1E+11,คอมพิวเตอร์แท็ปเล็ต,ยี่ห้อ Apple รุ่น iPad Pro 11 นิ้ว 128 GB/Wifi + Cellular,,,กองนโยบายพัฒนาระบบการเงินภาคประชาชน,
481,266,60606-0169,NO,6,1.1E+11,คอมพิวเตอร์แท็ปเล็ต,ยี่ห้อ Apple รุ่น iPad Pro 11 นิ้ว 128 GB/Wifi + Cellular,,,กองนโยบายพัฒนาระบบการเงินภาคประชาชน,
482,267,60606-0170,NO,6,1.1E+11,คอมพิวเตอร์แท็ปเล็ต,ยี่ห้อ Apple รุ่น iPad Pro 11 นิ้ว 128 GB/Wifi + Cellular,,,กองนโยบายพัฒนาระบบการเงินภาคประชาชน,
483,268,60606-0171,NO,6,1.1E+11,คอมพิวเตอร์แท็ปเล็ต,ยี่ห้อ Apple รุ่น iPad Pro 11 นิ้ว 128 GB/Wifi + Cellular,,,กองนโยบายพัฒนาระบบการเงินภาคประชาชน,
484,269,60606-0172,NO,6,1.1E+11,คอมพิวเตอร์แท็ปเล็ต,ยี่ห้อ Apple รุ่น iPad Pro 11 นิ้ว 128 GB/Wifi + Cellular,,,กองนโยบายพัฒนาระบบการเงินภาคประชาชน,
485,270,60606-0173,NO,6,1.1E+11,คอมพิวเตอร์แท็ปเล็ต,ยี่ห้อ Apple รุ่น iPad Pro 11 นิ้ว 128 GB/Wifi + Cellular,,,กองนโยบายพัฒนาระบบการเงินภาคประชาชน,
486,271,60607-0063,NO,6,1.1E+11,ระบบบริหารจัดการระบบเครือข่ายแบบไร้สาย,ยี่ห้อ Aruba รุ่น Airwave,,,กองนโยบายพัฒนาระบบการเงินภาคประชาชน,
487,272,60607-0064,NO,6,1.1E+11,ระบบยืนยันตัวตน BYOD,ยี่ห้อ Aruba รุ่น ClearPass,,,กองนโยบายพัฒนาระบบการเงินภาคประชาชน,
488,273,60607-0065,NO,6,1.1E+11,ชุดโปรแกรมบริหารจัดการระบบคอมพิวเตอร์เสมือน,ยี่ห้อ VMware รุ่น vCenter Server Standard,,,กองนโยบายพัฒนาระบบการเงินภาคประชาชน,
489,274,60607-0066,NO,6,1.1E+11,ชุดโปรแกรมระบบคอมพิวเตอร์เสมือนสำหรับเครื่องคอมพิวเตอร์แม่ข่าย,ยี่ห้อ VMware รุ่น vSphere Standard,,,กองนโยบายพัฒนาระบบการเงินภาคประชาชน,
490,275,60607-0067,NO,6,1.1E+11,ชุดโปรแกรมระบบคอมพิวเตอร์เสมือนสำหรับเครื่องคอมพิวเตอร์แม่ข่าย,ยี่ห้อ VMware รุ่น vSphere Standard,,,กองนโยบายพัฒนาระบบการเงินภาคประชาชน,
491,276,60607-0068,NO,6,1.1E+11,ชุดโปรแกรมระบบปฏิบัติการสำหรับเครื่องคอมพิวเตอร์แม่ข่าย (Server),ยี่ห้อ Microsoft รุ่น Windows Server 2022 Standard,,,กองนโยบายพัฒนาระบบการเงินภาคประชาชน,ชุดโปรแกรมระบบปฏิบัติการสำหรับเครื่องคอมพิวเตอร์แม่ข่าย (Server) สำหรับรองรับหน่วยประมวลผลกลาง (CPU) ไม่น้อยกว่า 16 แกนหลัก (16 core) ที่มีลิขสิทธิ์ถูกต้องตามกฎหมาย
492,277,60607-0069,NO,6,1.1E+11,ชุดโปรแกรมระบบปฏิบัติการสำหรับเครื่องคอมพิวเตอร์แม่ข่าย (Server),ยี่ห้อ Microsoft รุ่น Windows Server 2022 Standard,,,กองนโยบายพัฒนาระบบการเงินภาคประชาชน,ชุดโปรแกรมระบบปฏิบัติการสำหรับเครื่องคอมพิวเตอร์แม่ข่าย (Server) สำหรับรองรับหน่วยประมวลผลกลาง (CPU) ไม่น้อยกว่า 16 แกนหลัก (16 core) ที่มีลิขสิทธิ์ถูกต้องตามกฎหมาย
493,1,61001-0010,NO,6,1.1E+11,ซอฟต์แวร์ระบบเครื่องคอมพิวเตอร์แม่ข่ายเสมือน,ยี่ห้อ VMware รุ่น vSphere 7 Enterprise Plus,,,กองนโยบายพัฒนาระบบการเงินภาคประชาชน,
494,2,61001-0011,NO,6,1.1E+11,ซอฟต์แวร์ระบบเครื่องคอมพิวเตอร์แม่ข่ายเสมือน,ยี่ห้อ VMware รุ่น vSphere 7 Enterprise Plus,,,กองนโยบายพัฒนาระบบการเงินภาคประชาชน,
495,3,61001-0012,NO,6,1.1E+11,ซอฟต์แวร์ระบบเครื่องคอมพิวเตอร์แม่ข่ายเสมือน,ยี่ห้อ VMware รุ่น vSphere 7 Enterprise Plus,,,กองนโยบายพัฒนาระบบการเงินภาคประชาชน,
496,4,61001-0013,NO,6,1.1E+11,ซอฟต์แวร์ระบบเครื่องคอมพิวเตอร์แม่ข่ายเสมือน,ยี่ห้อ VMware รุ่น vSphere 7 Enterprise Plus,,,กองนโยบายพัฒนาระบบการเงินภาคประชาชน,
497,5,61001-0014,NO,6,1.1E+11,ซอฟต์แวร์ระบบเครื่องคอมพิวเตอร์แม่ข่ายเสมือน,ยี่ห้อ VMware รุ่น vSphere 7 Enterprise Plus,,,กองนโยบายพัฒนาระบบการเงินภาคประชาชน,
498,6,61001-0015,NO,6,1.1E+11,ซอฟต์แวร์ระบบเครื่องคอมพิวเตอร์แม่ข่ายเสมือน,ยี่ห้อ VMware รุ่น vSphere 7 Enterprise Plus,,,กองนโยบายพัฒนาระบบการเงินภาคประชาชน,
499,7,61001-0016,NO,6,1.1E+11,ซอฟต์แวร์ระบบเครื่องคอมพิวเตอร์แม่ข่ายเสมือน,ยี่ห้อ VMware รุ่น vSphere 7 Enterprise Plus,,,กองนโยบายพัฒนาระบบการเงินภาคประชาชน,
500,8,61001-0017,NO,6,1.1E+11,ซอฟต์แวร์ระบบเครื่องคอมพิวเตอร์แม่ข่ายเสมือน,ยี่ห้อ VMware รุ่น vSphere 7 Enterprise Plus,,,กองนโยบายพัฒนาระบบการเงินภาคประชาชน,
501,9,61001-0018,NO,6,1.1E+11,ซอฟต์แวร์ระบบสำรองข้อมูล (Backup),ยี่ห้อ StorageCraft รุ่น ShadowProtect SPX,,,กองนโยบายพัฒนาระบบการเงินภาคประชาชน,
502,10,61001-0019,NO,6,1.1E+11,ซอฟต์แวร์ Anti-Virus สำหรับระบบเสมือน,ยี่ห้อ Trend micro รุ่น Deep Security-Malware Prevention,,,กองนโยบายพัฒนาระบบการเงินภาคประชาชน,
503,11,61001-0020,NO,6,1.1E+11,ซอฟต์แวร์ Anti-Virus สำหรับระบบเสมือน,ยี่ห้อ Trend micro รุ่น Deep Security-Malware Prevention,,,กองนโยบายพัฒนาระบบการเงินภาคประชาชน,
504,12,61001-0021,NO,6,1.1E+11,ซอฟต์แวร์ Anti-Virus สำหรับระบบเสมือน,ยี่ห้อ Trend micro รุ่น Deep Security-Malware Prevention,,,กองนโยบายพัฒนาระบบการเงินภาคประชาชน,
505,13,61001-0022,NO,6,1.1E+11,ซอฟต์แวร์ Anti-Virus สำหรับระบบเสมือน,ยี่ห้อ Trend micro รุ่น Deep Security-Malware Prevention,,,กองนโยบายพัฒนาระบบการเงินภาคประชาชน,
506,14,61001-0023,NO,6,1.1E+11,ซอฟต์แวร์ Anti-Virus สำหรับระบบเสมือน,ยี่ห้อ Trend micro รุ่น Deep Security-Malware Prevention,,,กองนโยบายพัฒนาระบบการเงินภาคประชาชน,
507,15,61001-0024,NO,6,1.1E+11,ซอฟต์แวร์ Anti-Virus สำหรับระบบเสมือน,ยี่ห้อ Trend micro รุ่น Deep Security-Malware Prevention,,,กองนโยบายพัฒนาระบบการเงินภาคประชาชน,
508,16,61001-0025,NO,6,1.1E+11,ซอฟต์แวร์ Anti-Virus สำหรับระบบเสมือน,ยี่ห้อ Trend micro รุ่น Deep Security-Malware Prevention,,,กองนโยบายพัฒนาระบบการเงินภาคประชาชน,
509,17,61001-0026,NO,6,1.1E+11,ซอฟต์แวร์ Anti-Virus สำหรับระบบเสมือน,ยี่ห้อ Trend micro รุ่น Deep Security-Malware Prevention,,,กองนโยบายพัฒนาระบบการเงินภาคประชาชน,
510,18,61001-0027,NO,6,1.1E+11,ระบบจัดการฐานข้อมูล Microsoft SQL Server Standard Edition รุ่นล่าสุดที่มีลิขสิทธิ์ถูกต้องตามกฎหมาย,ยี่ห้อ Microsoft รุ่น SQL Server 2019 Standard Edition,,,กองนโยบายพัฒนาระบบการเงินภาคประชาชน,
511,19,61001-0028,NO,6,1.1E+11,ระบบจัดการฐานข้อมูล Microsoft SQL Server Standard Edition รุ่นล่าสุดที่มีลิขสิทธิ์ถูกต้องตามกฎหมาย,ยี่ห้อ Microsoft รุ่น SQL Server 2019 Standard Edition,,,กองนโยบายพัฒนาระบบการเงินภาคประชาชน,
512,20,61001-0029,NO,6,1.1E+11,ซอฟต์แวร์การสร้างรายงาน ด้วยระบบอัจฉริยะเพื่อการบริหารงานและการจินตภาพข้อมูล (Business Intelligence and Data Visualization) จำนวน 5 Users Concurrent และมีลิขสิทธิ์การใช้งาน 1 ปี,ยี่ห้อ Tableau รุ่น Creator,,,กองนโยบายพัฒนาระบบการเงินภาคประชาชน,
513,21,61001-0030,NO,6,1.1E+11,ซอฟต์แวร์การเผยแพร่รายงานเพื่อการบริการงานและการจินตภาพข้อมูล (Business Intelligence and Data Visualization) จำนวน 10 Users Concurrent และมีลิขสิทธิ์การใช้งาน 1 ปี,ยี่ห้อ Tableau รุ่น Explorer,,,กองนโยบายพัฒนาระบบการเงินภาคประชาชน,
514,22,61001-0031,NO,6,1.1E+11,ชุดโปรแกรมจัดการสำนักงาน Microsoft Office รุ่น Standard หรือดีกว่ารุ่นล่าสุดที่มีลิขสิทธิ์ถูกต้องตามกฎหมาย,ยี่ห้อ Microsoft รุ่น Office Standard 2019,,,กองนโยบายพัฒนาระบบการเงินภาคประชาชน,
515,23,61001-0032,NO,6,1.1E+11,ชุดโปรแกรมจัดการสำนักงาน Microsoft Office รุ่น Standard หรือดีกว่ารุ่นล่าสุดที่มีลิขสิทธิ์ถูกต้องตามกฎหมาย,ยี่ห้อ Microsoft รุ่น Office Standard 2019,,,กองนโยบายพัฒนาระบบการเงินภาคประชาชน,
516,24,61001-0033,NO,6,1.1E+11,ชุดโปรแกรมจัดการสำนักงาน Microsoft Office รุ่น Standard หรือดีกว่ารุ่นล่าสุดที่มีลิขสิทธิ์ถูกต้องตามกฎหมาย,ยี่ห้อ Microsoft รุ่น Office Standard 2019,,,กองนโยบายพัฒนาระบบการเงินภาคประชาชน,
517,25,61001-0034,NO,6,1.1E+11,ชุดโปรแกรมจัดการสำนักงาน Microsoft Office รุ่น Standard หรือดีกว่ารุ่นล่าสุดที่มีลิขสิทธิ์ถูกต้องตามกฎหมาย,ยี่ห้อ Microsoft รุ่น Office Standard 2019,,,กองนโยบายพัฒนาระบบการเงินภาคประชาชน,
518,26,61001-0035,NO,6,1.1E+11,ชุดโปรแกรมจัดการสำนักงาน Microsoft Office รุ่น Standard หรือดีกว่ารุ่นล่าสุดที่มีลิขสิทธิ์ถูกต้องตามกฎหมาย,ยี่ห้อ Microsoft รุ่น Office Standard 2019,,,กองนโยบายพัฒนาระบบการเงินภาคประชาชน,
519,27,61001-0036,NO,6,1.1E+11,ระบบจัดเก็บฐานข้อมูลขนาดใหญ่ (Big Data),ยี่ห้อ ASTRO รุ่น Big Data Platform,,,กองนโยบายพัฒนาระบบการเงินภาคประชาชน,
520,28,61001-0037,NO,6,1.1E+11,ระบบนำเข้าและเชื่อมโยงข้อมูล (ETL),ยี่ห้อ KNIME รุ่น Server Large,,,กองนโยบายพัฒนาระบบการเงินภาคประชาชน,
521,29,61001-0038,NO,6,1.1E+11,ระบบการเชื่อมโยงข้อมูลแบบอิเล็กทรอนิกส์ระหว่าง สศค. กับธนาคารผู้ประสานงาน,,,,กองนโยบายพัฒนาระบบการเงินภาคประชาชน,
522,30,61001-0039,NO,6,1.1E+11,ระบบการวิเคราะห์ข้อมูล และรายงานข้อมูล,,,,กองนโยบายพัฒนาระบบการเงินภาคประชาชน,
523,31,61001-0040,NO,6,1.1E+11,ระบบเตือนภัยล่วงหน้าทางการเงิน (Early Warning System),,,,กองนโยบายพัฒนาระบบการเงินภาคประชาชน,
524,32,61001-0041,NO,6,,ระบบปฏิบัติการ Microsoft Windows Server Standard Edition รุ่นล่าสุดที่มีลิขสิทธิ์ถูกต้องตามกฎหมาย,ยี่ห้อ Microsoft รุ่น Windows Server 2019 Standard Edition,,,กองนโยบายพัฒนาระบบการเงินภาคประชาชน,
525,33,61001-0042,NO,6,,ระบบปฏิบัติการ Microsoft Windows Server Standard Edition รุ่นล่าสุดที่มีลิขสิทธิ์ถูกต้องตามกฎหมาย,ยี่ห้อ Microsoft รุ่น Windows Server 2019 Standard Edition,,,กองนโยบายพัฒนาระบบการเงินภาคประชาชน,
526,34,61001-0043,NO,6,,ระบบปฏิบัติการ Microsoft Windows Server Standard Edition รุ่นล่าสุดที่มีลิขสิทธิ์ถูกต้องตามกฎหมาย,ยี่ห้อ Microsoft รุ่น Windows Server 2019 Standard Edition,,,กองนโยบายพัฒนาระบบการเงินภาคประชาชน,
527,35,61001-0044,NO,6,,ระบบปฏิบัติการ Microsoft Windows Server Standard Edition รุ่นล่าสุดที่มีลิขสิทธิ์ถูกต้องตามกฎหมาย,ยี่ห้อ Microsoft รุ่น Windows Server 2019 Standard Edition,,,กองนโยบายพัฒนาระบบการเงินภาคประชาชน,
528,36,61001-0045,NO,6,,ระบบปฏิบัติการ Microsoft Windows Server Standard Edition รุ่นล่าสุดที่มีลิขสิทธิ์ถูกต้องตามกฎหมาย,ยี่ห้อ Microsoft รุ่น Windows Server 2019 Standard Edition,,,กองนโยบายพัฒนาระบบการเงินภาคประชาชน,
529,37,61001-0046,NO,6,,ระบบปฏิบัติการ Microsoft Windows Server Standard Edition รุ่นล่าสุดที่มีลิขสิทธิ์ถูกต้องตามกฎหมาย,ยี่ห้อ Microsoft รุ่น Windows Server 2019 Standard Edition,,,กองนโยบายพัฒนาระบบการเงินภาคประชาชน,
530,38,61001-0047,NO,6,,ระบบปฏิบัติการ Microsoft Windows Server Standard Edition รุ่นล่าสุดที่มีลิขสิทธิ์ถูกต้องตามกฎหมาย,ยี่ห้อ Microsoft รุ่น Windows Server 2019 Standard Edition,,,กองนโยบายพัฒนาระบบการเงินภาคประชาชน,
531,39,61001-0048,NO,6,,ระบบปฏิบัติการ Microsoft Windows Server Standard Edition รุ่นล่าสุดที่มีลิขสิทธิ์ถูกต้องตามกฎหมาย,ยี่ห้อ Microsoft รุ่น Windows Server 2019 Standard Edition,,,กองนโยบายพัฒนาระบบการเงินภาคประชาชน,
532,40,61001-0049,NO,6,,ระบบปฏิบัติการ Microsoft Windows Server Standard Edition รุ่นล่าสุดที่มีลิขสิทธิ์ถูกต้องตามกฎหมาย,ยี่ห้อ Microsoft รุ่น Windows Server 2019 Standard Edition,,,กองนโยบายพัฒนาระบบการเงินภาคประชาชน,
533,41,61001-0050,NO,6,,ระบบปฏิบัติการ Microsoft Windows Server Standard Edition รุ่นล่าสุดที่มีลิขสิทธิ์ถูกต้องตามกฎหมาย,ยี่ห้อ Microsoft รุ่น Windows Server 2019 Standard Edition,,,กองนโยบายพัฒนาระบบการเงินภาคประชาชน,
534,42,61001-0051,NO,6,,ระบบปฏิบัติการ Microsoft Windows Server Standard Edition รุ่นล่าสุดที่มีลิขสิทธิ์ถูกต้องตามกฎหมาย,ยี่ห้อ Microsoft รุ่น Windows Server 2019 Standard Edition,,,กองนโยบายพัฒนาระบบการเงินภาคประชาชน,
535,43,61001-0052,NO,6,,ระบบปฏิบัติการ Microsoft Windows Server Standard Edition รุ่นล่าสุดที่มีลิขสิทธิ์ถูกต้องตามกฎหมาย,ยี่ห้อ Microsoft รุ่น Windows Server 2019 Standard Edition,,,กองนโยบายพัฒนาระบบการเงินภาคประชาชน,
536,44,61001-0053,NO,6,,ระบบปฏิบัติการ Microsoft Windows Server Standard Edition รุ่นล่าสุดที่มีลิขสิทธิ์ถูกต้องตามกฎหมาย,ยี่ห้อ Microsoft รุ่น Windows Server 2019 Standard Edition,,,กองนโยบายพัฒนาระบบการเงินภาคประชาชน,
537,45,61001-0054,NO,6,,ระบบปฏิบัติการ Microsoft Windows Server Standard Edition รุ่นล่าสุดที่มีลิขสิทธิ์ถูกต้องตามกฎหมาย,ยี่ห้อ Microsoft รุ่น Windows Server 2019 Standard Edition,,,กองนโยบายพัฒนาระบบการเงินภาคประชาชน,
538,46,61001-0055,NO,6,,ระบบปฏิบัติการ Microsoft Windows Server Standard Edition รุ่นล่าสุดที่มีลิขสิทธิ์ถูกต้องตามกฎหมาย,ยี่ห้อ Microsoft รุ่น Windows Server 2019 Standard Edition,,,กองนโยบายพัฒนาระบบการเงินภาคประชาชน,
539,47,61001-0056,NO,6,,ระบบปฏิบัติการ Microsoft Windows Server Standard Edition รุ่นล่าสุดที่มีลิขสิทธิ์ถูกต้องตามกฎหมาย,ยี่ห้อ Microsoft รุ่น Windows Server 2019 Standard Edition,,,กองนโยบายพัฒนาระบบการเงินภาคประชาชน,
540,48,61001-0057,NO,6,,ระบบปฏิบัติการ Microsoft Windows Server Standard Edition รุ่นล่าสุดที่มีลิขสิทธิ์ถูกต้องตามกฎหมาย,ยี่ห้อ Microsoft รุ่น Windows Server 2019 Standard Edition,,,กองนโยบายพัฒนาระบบการเงินภาคประชาชน,
541,49,61001-0058,NO,6,,ระบบปฏิบัติการ Microsoft Windows Server Standard Edition รุ่นล่าสุดที่มีลิขสิทธิ์ถูกต้องตามกฎหมาย,ยี่ห้อ Microsoft รุ่น Windows Server 2019 Standard Edition,,,กองนโยบายพัฒนาระบบการเงินภาคประชาชน,
542,50,61001-0059,NO,6,,ระบบปฏิบัติการ Microsoft Windows Server Standard Edition รุ่นล่าสุดที่มีลิขสิทธิ์ถูกต้องตามกฎหมาย,ยี่ห้อ Microsoft รุ่น Windows Server 2019 Standard Edition,,,กองนโยบายพัฒนาระบบการเงินภาคประชาชน,
543,51,61001-0060,NO,6,,ระบบปฏิบัติการ Microsoft Windows Server Standard Edition รุ่นล่าสุดที่มีลิขสิทธิ์ถูกต้องตามกฎหมาย,ยี่ห้อ Microsoft รุ่น Windows Server 2019 Standard Edition,,,กองนโยบายพัฒนาระบบการเงินภาคประชาชน,
544,52,61001-0061,NO,6,,ระบบปฏิบัติการ Microsoft Windows Server Standard Edition รุ่นล่าสุดที่มีลิขสิทธิ์ถูกต้องตามกฎหมาย,ยี่ห้อ Microsoft รุ่น Windows Server 2019 Standard Edition,,,กองนโยบายพัฒนาระบบการเงินภาคประชาชน,
545,53,61001-0062,NO,6,,ระบบปฏิบัติการ Microsoft Windows Server Standard Edition รุ่นล่าสุดที่มีลิขสิทธิ์ถูกต้องตามกฎหมาย,ยี่ห้อ Microsoft รุ่น Windows Server 2019 Standard Edition,,,กองนโยบายพัฒนาระบบการเงินภาคประชาชน,
546,54,61001-0063,NO,6,,ระบบปฏิบัติการ Microsoft Windows Server Standard Edition รุ่นล่าสุดที่มีลิขสิทธิ์ถูกต้องตามกฎหมาย,ยี่ห้อ Microsoft รุ่น Windows Server 2019 Standard Edition,,,กองนโยบายพัฒนาระบบการเงินภาคประชาชน,
547,55,61001-0064,NO,6,,ระบบปฏิบัติการ Microsoft Windows Server Standard Edition รุ่นล่าสุดที่มีลิขสิทธิ์ถูกต้องตามกฎหมาย,ยี่ห้อ Microsoft รุ่น Windows Server 2019 Standard Edition,,,กองนโยบายพัฒนาระบบการเงินภาคประชาชน,
548,56,61001-0065,NO,6,,ระบบปฏิบัติการ Microsoft Windows Server Standard Edition รุ่นล่าสุดที่มีลิขสิทธิ์ถูกต้องตามกฎหมาย,ยี่ห้อ Microsoft รุ่น Windows Server 2019 Standard Edition,,,กองนโยบายพัฒนาระบบการเงินภาคประชาชน,
549,57,61001-0066,NO,6,,ระบบปฏิบัติการ Microsoft Windows Server Standard Edition รุ่นล่าสุดที่มีลิขสิทธิ์ถูกต้องตามกฎหมาย,ยี่ห้อ Microsoft รุ่น Windows Server 2019 Standard Edition,,,กองนโยบายพัฒนาระบบการเงินภาคประชาชน,
550,58,61001-0067,NO,6,,ระบบปฏิบัติการ Microsoft Windows Server Standard Edition รุ่นล่าสุดที่มีลิขสิทธิ์ถูกต้องตามกฎหมาย,ยี่ห้อ Microsoft รุ่น Windows Server 2019 Standard Edition,,,กองนโยบายพัฒนาระบบการเงินภาคประชาชน,
551,59,61001-0068,NO,6,,ระบบปฏิบัติการ Microsoft Windows Server Standard Edition รุ่นล่าสุดที่มีลิขสิทธิ์ถูกต้องตามกฎหมาย,ยี่ห้อ Microsoft รุ่น Windows Server 2019 Standard Edition,,,กองนโยบายพัฒนาระบบการเงินภาคประชาชน,
552,60,61001-0069,NO,6,,ระบบปฏิบัติการ Microsoft Windows Server Standard Edition รุ่นล่าสุดที่มีลิขสิทธิ์ถูกต้องตามกฎหมาย,ยี่ห้อ Microsoft รุ่น Windows Server 2019 Standard Edition,,,กองนโยบายพัฒนาระบบการเงินภาคประชาชน,
553,61,61001-0070,NO,6,,ระบบปฏิบัติการ Microsoft Windows Server Standard Edition รุ่นล่าสุดที่มีลิขสิทธิ์ถูกต้องตามกฎหมาย,ยี่ห้อ Microsoft รุ่น Windows Server 2019 Standard Edition,,,กองนโยบายพัฒนาระบบการเงินภาคประชาชน,
554,62,61001-0071,NO,6,,ระบบปฏิบัติการ Microsoft Windows Server Standard Edition รุ่นล่าสุดที่มีลิขสิทธิ์ถูกต้องตามกฎหมาย,ยี่ห้อ Microsoft รุ่น Windows Server 2019 Standard Edition,,,กองนโยบายพัฒนาระบบการเงินภาคประชาชน,
555,63,61001-0072,NO,6,,ระบบปฏิบัติการ Microsoft Windows Server Standard Edition รุ่นล่าสุดที่มีลิขสิทธิ์ถูกต้องตามกฎหมาย,ยี่ห้อ Microsoft รุ่น Windows Server 2019 Standard Edition,,,กองนโยบายพัฒนาระบบการเงินภาคประชาชน,
556,64,61001-0073,NO,6,,ระบบปฏิบัติการ Microsoft Windows Server Standard Edition รุ่นล่าสุดที่มีลิขสิทธิ์ถูกต้องตามกฎหมาย,ยี่ห้อ Microsoft รุ่น Windows Server 2019 Standard Edition,,,กองนโยบายพัฒนาระบบการเงินภาคประชาชน,
557,65,61001-0074,NO,6,,ระบบปฏิบัติการ Microsoft Windows Server Standard Edition รุ่นล่าสุดที่มีลิขสิทธิ์ถูกต้องตามกฎหมาย,ยี่ห้อ Microsoft รุ่น Windows Server 2019 Standard Edition,,,กองนโยบายพัฒนาระบบการเงินภาคประชาชน,
558,66,61001-0075,NO,6,,ระบบปฏิบัติการ Microsoft Windows Server Standard Edition รุ่นล่าสุดที่มีลิขสิทธิ์ถูกต้องตามกฎหมาย,ยี่ห้อ Microsoft รุ่น Windows Server 2019 Standard Edition,,,กองนโยบายพัฒนาระบบการเงินภาคประชาชน,
559,67,61001-0076,NO,6,,ระบบปฏิบัติการ Microsoft Windows Server Standard Edition รุ่นล่าสุดที่มีลิขสิทธิ์ถูกต้องตามกฎหมาย,ยี่ห้อ Microsoft รุ่น Windows Server 2019 Standard Edition,,,กองนโยบายพัฒนาระบบการเงินภาคประชาชน,
560,68,61001-0077,NO,6,,ระบบปฏิบัติการ Microsoft Windows Server Standard Edition รุ่นล่าสุดที่มีลิขสิทธิ์ถูกต้องตามกฎหมาย,ยี่ห้อ Microsoft รุ่น Windows Server 2019 Standard Edition,,,กองนโยบายพัฒนาระบบการเงินภาคประชาชน,
561,69,61001-0078,NO,6,,ระบบปฏิบัติการ Microsoft Windows Server Standard Edition รุ่นล่าสุดที่มีลิขสิทธิ์ถูกต้องตามกฎหมาย,ยี่ห้อ Microsoft รุ่น Windows Server 2019 Standard Edition,,,กองนโยบายพัฒนาระบบการเงินภาคประชาชน,
562,70,61001-0079,NO,6,,ระบบปฏิบัติการ Microsoft Windows Server Standard Edition รุ่นล่าสุดที่มีลิขสิทธิ์ถูกต้องตามกฎหมาย,ยี่ห้อ Microsoft รุ่น Windows Server 2019 Standard Edition,,,กองนโยบายพัฒนาระบบการเงินภาคประชาชน,
563,71,61001-0080,NO,6,,ระบบปฏิบัติการ Microsoft Windows Server Standard Edition รุ่นล่าสุดที่มีลิขสิทธิ์ถูกต้องตามกฎหมาย,ยี่ห้อ Microsoft รุ่น Windows Server 2019 Standard Edition,,,กองนโยบายพัฒนาระบบการเงินภาคประชาชน,
564,72,61001-0081,NO,6,,ระบบปฏิบัติการ Microsoft Windows Server Standard Edition รุ่นล่าสุดที่มีลิขสิทธิ์ถูกต้องตามกฎหมาย,ยี่ห้อ Microsoft รุ่น Windows Server 2019 Standard Edition,,,กองนโยบายพัฒนาระบบการเงินภาคประชาชน,
565,73,61001-0082,NO,6,,ระบบปฏิบัติการ Microsoft Windows Server Standard Edition รุ่นล่าสุดที่มีลิขสิทธิ์ถูกต้องตามกฎหมาย,ยี่ห้อ Microsoft รุ่น Windows Server 2019 Standard Edition,,,กองนโยบายพัฒนาระบบการเงินภาคประชาชน,
566,74,61001-0083,NO,6,,ระบบปฏิบัติการ Microsoft Windows Server Standard Edition รุ่นล่าสุดที่มีลิขสิทธิ์ถูกต้องตามกฎหมาย,ยี่ห้อ Microsoft รุ่น Windows Server 2019 Standard Edition,,,กองนโยบายพัฒนาระบบการเงินภาคประชาชน,
567,75,61001-0084,NO,6,,ระบบปฏิบัติการ Microsoft Windows Server Standard Edition รุ่นล่าสุดที่มีลิขสิทธิ์ถูกต้องตามกฎหมาย,ยี่ห้อ Microsoft รุ่น Windows Server 2019 Standard Edition,,,กองนโยบายพัฒนาระบบการเงินภาคประชาชน,
568,76,61001-0085,NO,6,,ระบบปฏิบัติการ Microsoft Windows Server Standard Edition รุ่นล่าสุดที่มีลิขสิทธิ์ถูกต้องตามกฎหมาย,ยี่ห้อ Microsoft รุ่น Windows Server 2019 Standard Edition,,,กองนโยบายพัฒนาระบบการเงินภาคประชาชน,
569,77,61001-0086,NO,6,,ระบบปฏิบัติการ Microsoft Windows Server Standard Edition รุ่นล่าสุดที่มีลิขสิทธิ์ถูกต้องตามกฎหมาย,ยี่ห้อ Microsoft รุ่น Windows Server 2019 Standard Edition,,,กองนโยบายพัฒนาระบบการเงินภาคประชาชน,
570,78,61001-0087,NO,6,,ระบบปฏิบัติการ Microsoft Windows Server Standard Edition รุ่นล่าสุดที่มีลิขสิทธิ์ถูกต้องตามกฎหมาย,ยี่ห้อ Microsoft รุ่น Windows Server 2019 Standard Edition,,,กองนโยบายพัฒนาระบบการเงินภาคประชาชน,
571,79,61001-0088,NO,6,,ระบบปฏิบัติการ Microsoft Windows Server Standard Edition รุ่นล่าสุดที่มีลิขสิทธิ์ถูกต้องตามกฎหมาย,ยี่ห้อ Microsoft รุ่น Windows Server 2019 Standard Edition,,,กองนโยบายพัฒนาระบบการเงินภาคประชาชน,
572,80,61001-0089,NO,6,,ระบบปฏิบัติการ Microsoft Windows Server Standard Edition รุ่นล่าสุดที่มีลิขสิทธิ์ถูกต้องตามกฎหมาย,ยี่ห้อ Microsoft รุ่น Windows Server 2019 Standard Edition,,,กองนโยบายพัฒนาระบบการเงินภาคประชาชน,
573,81,61001-0090,NO,6,,ระบบปฏิบัติการ Microsoft Windows Server Standard Edition รุ่นล่าสุดที่มีลิขสิทธิ์ถูกต้องตามกฎหมาย,ยี่ห้อ Microsoft รุ่น Windows Server 2019 Standard Edition,,,กองนโยบายพัฒนาระบบการเงินภาคประชาชน,
574,82,61001-0091,NO,6,,ระบบปฏิบัติการ Microsoft Windows Server Standard Edition รุ่นล่าสุดที่มีลิขสิทธิ์ถูกต้องตามกฎหมาย,ยี่ห้อ Microsoft รุ่น Windows Server 2019 Standard Edition,,,กองนโยบายพัฒนาระบบการเงินภาคประชาชน,
575,83,61001-0092,NO,6,,ระบบปฏิบัติการ Microsoft Windows Server Standard Edition รุ่นล่าสุดที่มีลิขสิทธิ์ถูกต้องตามกฎหมาย,ยี่ห้อ Microsoft รุ่น Windows Server 2019 Standard Edition,,,กองนโยบายพัฒนาระบบการเงินภาคประชาชน,
576,84,61001-0093,NO,6,,ระบบปฏิบัติการ Microsoft Windows Server Standard Edition รุ่นล่าสุดที่มีลิขสิทธิ์ถูกต้องตามกฎหมาย,ยี่ห้อ Microsoft รุ่น Windows Server 2019 Standard Edition,,,กองนโยบายพัฒนาระบบการเงินภาคประชาชน,
577,85,61001-0094,NO,6,,ระบบปฏิบัติการ Microsoft Windows Server Standard Edition รุ่นล่าสุดที่มีลิขสิทธิ์ถูกต้องตามกฎหมาย,ยี่ห้อ Microsoft รุ่น Windows Server 2019 Standard Edition,,,กองนโยบายพัฒนาระบบการเงินภาคประชาชน,
578,86,61001-0095,NO,6,,ระบบปฏิบัติการ Microsoft Windows Server Standard Edition รุ่นล่าสุดที่มีลิขสิทธิ์ถูกต้องตามกฎหมาย,ยี่ห้อ Microsoft รุ่น Windows Server 2019 Standard Edition,,,กองนโยบายพัฒนาระบบการเงินภาคประชาชน,
579,87,61001-0096,NO,6,,ระบบปฏิบัติการ Microsoft Windows Server Standard Edition รุ่นล่าสุดที่มีลิขสิทธิ์ถูกต้องตามกฎหมาย,ยี่ห้อ Microsoft รุ่น Windows Server 2019 Standard Edition,,,กองนโยบายพัฒนาระบบการเงินภาคประชาชน,
580,88,61001-0097,NO,6,,ระบบปฏิบัติการ Microsoft Windows Server Standard Edition รุ่นล่าสุดที่มีลิขสิทธิ์ถูกต้องตามกฎหมาย,ยี่ห้อ Microsoft รุ่น Windows Server 2019 Standard Edition,,,กองนโยบายพัฒนาระบบการเงินภาคประชาชน,
581,89,61001-0098,NO,6,,ระบบปฏิบัติการ Microsoft Windows Server Standard Edition รุ่นล่าสุดที่มีลิขสิทธิ์ถูกต้องตามกฎหมาย,ยี่ห้อ Microsoft รุ่น Windows Server 2019 Standard Edition,,,กองนโยบายพัฒนาระบบการเงินภาคประชาชน,
582,90,61001-0099,NO,6,,ระบบปฏิบัติการ Microsoft Windows Server Standard Edition รุ่นล่าสุดที่มีลิขสิทธิ์ถูกต้องตามกฎหมาย,ยี่ห้อ Microsoft รุ่น Windows Server 2019 Standard Edition,,,กองนโยบายพัฒนาระบบการเงินภาคประชาชน,
583,91,61001-0100,NO,6,,ระบบปฏิบัติการ Microsoft Windows Server Standard Edition รุ่นล่าสุดที่มีลิขสิทธิ์ถูกต้องตามกฎหมาย,ยี่ห้อ Microsoft รุ่น Windows Server 2019 Standard Edition,,,กองนโยบายพัฒนาระบบการเงินภาคประชาชน,
584,92,61001-0101,NO,6,,ระบบปฏิบัติการ Microsoft Windows Server Standard Edition รุ่นล่าสุดที่มีลิขสิทธิ์ถูกต้องตามกฎหมาย,ยี่ห้อ Microsoft รุ่น Windows Server 2019 Standard Edition,,,กองนโยบายพัฒนาระบบการเงินภาคประชาชน,
585,93,61001-0102,NO,6,,ระบบปฏิบัติการ Microsoft Windows Server Standard Edition รุ่นล่าสุดที่มีลิขสิทธิ์ถูกต้องตามกฎหมาย,ยี่ห้อ Microsoft รุ่น Windows Server 2019 Standard Edition,,,กองนโยบายพัฒนาระบบการเงินภาคประชาชน,
586,94,61001-0103,NO,6,,ระบบปฏิบัติการ Microsoft Windows Server Standard Edition รุ่นล่าสุดที่มีลิขสิทธิ์ถูกต้องตามกฎหมาย,ยี่ห้อ Microsoft รุ่น Windows Server 2019 Standard Edition,,,กองนโยบายพัฒนาระบบการเงินภาคประชาชน,
587,95,61001-0104,NO,6,,ระบบปฏิบัติการ Microsoft Windows Server Standard Edition รุ่นล่าสุดที่มีลิขสิทธิ์ถูกต้องตามกฎหมาย,ยี่ห้อ Microsoft รุ่น Windows Server 2019 Standard Edition,,,กองนโยบายพัฒนาระบบการเงินภาคประชาชน,
588,96,61001-0105,NO,6,,ระบบปฏิบัติการ Microsoft Windows Server Standard Edition รุ่นล่าสุดที่มีลิขสิทธิ์ถูกต้องตามกฎหมาย,ยี่ห้อ Microsoft รุ่น Windows Server 2019 Standard Edition,,,กองนโยบายพัฒนาระบบการเงินภาคประชาชน,
589,97,61001-0106,NO,6,,ระบบปฏิบัติการ Microsoft Windows Server Standard Edition รุ่นล่าสุดที่มีลิขสิทธิ์ถูกต้องตามกฎหมาย,ยี่ห้อ Microsoft รุ่น Windows Server 2019 Standard Edition,,,กองนโยบายพัฒนาระบบการเงินภาคประชาชน,
590,98,61001-0107,NO,6,,ระบบปฏิบัติการ Microsoft Windows Server Standard Edition รุ่นล่าสุดที่มีลิขสิทธิ์ถูกต้องตามกฎหมาย,ยี่ห้อ Microsoft รุ่น Windows Server 2019 Standard Edition,,,กองนโยบายพัฒนาระบบการเงินภาคประชาชน,
591,99,61001-0108,NO,6,,ระบบปฏิบัติการ Microsoft Windows Server Standard Edition รุ่นล่าสุดที่มีลิขสิทธิ์ถูกต้องตามกฎหมาย,ยี่ห้อ Microsoft รุ่น Windows Server 2019 Standard Edition,,,กองนโยบายพัฒนาระบบการเงินภาคประชาชน,
592,100,61001-0109,NO,6,,ระบบปฏิบัติการ Microsoft Windows Server Standard Edition รุ่นล่าสุดที่มีลิขสิทธิ์ถูกต้องตามกฎหมาย,ยี่ห้อ Microsoft รุ่น Windows Server 2019 Standard Edition,,,กองนโยบายพัฒนาระบบการเงินภาคประชาชน,
593,101,61001-0110,NO,6,,ระบบปฏิบัติการ Microsoft Windows Server Standard Edition รุ่นล่าสุดที่มีลิขสิทธิ์ถูกต้องตามกฎหมาย,ยี่ห้อ Microsoft รุ่น Windows Server 2019 Standard Edition,,,กองนโยบายพัฒนาระบบการเงินภาคประชาชน,
594,102,61001-0111,NO,6,,ระบบปฏิบัติการ Microsoft Windows Server Standard Edition รุ่นล่าสุดที่มีลิขสิทธิ์ถูกต้องตามกฎหมาย,ยี่ห้อ Microsoft รุ่น Windows Server 2019 Standard Edition,,,กองนโยบายพัฒนาระบบการเงินภาคประชาชน,
595,103,61001-0112,NO,6,,ระบบปฏิบัติการ Microsoft Windows Server Standard Edition รุ่นล่าสุดที่มีลิขสิทธิ์ถูกต้องตามกฎหมาย,ยี่ห้อ Microsoft รุ่น Windows Server 2019 Standard Edition,,,กองนโยบายพัฒนาระบบการเงินภาคประชาชน,
596,104,61001-0113,NO,6,,ระบบปฏิบัติการ Microsoft Windows Server Standard Edition รุ่นล่าสุดที่มีลิขสิทธิ์ถูกต้องตามกฎหมาย,ยี่ห้อ Microsoft รุ่น Windows Server 2019 Standard Edition,,,กองนโยบายพัฒนาระบบการเงินภาคประชาชน,
597,105,61001-0114,NO,6,,ระบบปฏิบัติการ Microsoft Windows Server Standard Edition รุ่นล่าสุดที่มีลิขสิทธิ์ถูกต้องตามกฎหมาย,ยี่ห้อ Microsoft รุ่น Windows Server 2019 Standard Edition,,,กองนโยบายพัฒนาระบบการเงินภาคประชาชน,
598,106,61001-0116,NO,6,,ระบบปฏิบัติการ Microsoft Windows Server Standard Edition รุ่นล่าสุดที่มีลิขสิทธิ์ถูกต้องตามกฎหมาย,ยี่ห้อ Microsoft รุ่น Windows Server 2019 Standard Edition,,,กองนโยบายพัฒนาระบบการเงินภาคประชาชน,
599,107,61001-0117,NO,6,,ระบบปฏิบัติการ Microsoft Windows Server Standard Edition รุ่นล่าสุดที่มีลิขสิทธิ์ถูกต้องตามกฎหมาย,ยี่ห้อ Microsoft รุ่น Windows Server 2019 Standard Edition,,,กองนโยบายพัฒนาระบบการเงินภาคประชาชน,
600,108,61001-0118,NO,6,,ระบบปฏิบัติการ Microsoft Windows Server Standard Edition รุ่นล่าสุดที่มีลิขสิทธิ์ถูกต้องตามกฎหมาย,ยี่ห้อ Microsoft รุ่น Windows Server 2019 Standard Edition,,,กองนโยบายพัฒนาระบบการเงินภาคประชาชน,
601,109,61001-0119,NO,6,,ระบบปฏิบัติการ Microsoft Windows Server Standard Edition รุ่นล่าสุดที่มีลิขสิทธิ์ถูกต้องตามกฎหมาย,ยี่ห้อ Microsoft รุ่น Windows Server 2019 Standard Edition,,,กองนโยบายพัฒนาระบบการเงินภาคประชาชน,
602,110,61001-0120,NO,6,,ระบบปฏิบัติการ Microsoft Windows Server Standard Edition รุ่นล่าสุดที่มีลิขสิทธิ์ถูกต้องตามกฎหมาย,ยี่ห้อ Microsoft รุ่น Windows Server 2019 Standard Edition,,,กองนโยบายพัฒนาระบบการเงินภาคประชาชน,
603,111,61001-0121,NO,6,,ชุดโปรแกรมระบบปฏิบัติการ Microsoft Windows 10 รุ่น Professional หรือดีกว่า สำหรับเครื่องคอมพิวเตอร์ (OEM) รุ่นล่าสุดที่มีลิขสิทธิ์ถูกต้องตามกฎหมาย,ยี่ห้อ Microsoft รุ่น Windows 10 Professional,,,กองนโยบายพัฒนาระบบการเงินภาคประชาชน,
604,112,61001-0122,NO,6,,ชุดโปรแกรมระบบปฏิบัติการ Microsoft Windows 10 รุ่น Professional หรือดีกว่า สำหรับเครื่องคอมพิวเตอร์ (OEM) รุ่นล่าสุดที่มีลิขสิทธิ์ถูกต้องตามกฎหมาย,ยี่ห้อ Microsoft รุ่น Windows 10 Professional,,,กองนโยบายพัฒนาระบบการเงินภาคประชาชน,
605,113,61001-0123,NO,6,,ชุดโปรแกรมระบบปฏิบัติการ Microsoft Windows 10 รุ่น Professional หรือดีกว่า สำหรับเครื่องคอมพิวเตอร์ (OEM) รุ่นล่าสุดที่มีลิขสิทธิ์ถูกต้องตามกฎหมาย,ยี่ห้อ Microsoft รุ่น Windows 10 Professional,,,กองนโยบายพัฒนาระบบการเงินภาคประชาชน,
606,114,61001-0124,NO,6,,ชุดโปรแกรมระบบปฏิบัติการ Microsoft Windows 10 รุ่น Professional หรือดีกว่า สำหรับเครื่องคอมพิวเตอร์ (OEM) รุ่นล่าสุดที่มีลิขสิทธิ์ถูกต้องตามกฎหมาย,ยี่ห้อ Microsoft รุ่น Windows 10 Professional,,,กองนโยบายพัฒนาระบบการเงินภาคประชาชน,
607,115,61001-0125,NO,6,,ชุดโปรแกรมระบบปฏิบัติการ Microsoft Windows 10 รุ่น Professional หรือดีกว่า สำหรับเครื่องคอมพิวเตอร์ (OEM) รุ่นล่าสุดที่มีลิขสิทธิ์ถูกต้องตามกฎหมาย,ยี่ห้อ Microsoft รุ่น Windows 10 Professional,,,กองนโยบายพัฒนาระบบการเงินภาคประชาชน,
608,116,61001-0126,NO,6,,ชุดโปรแกรมป้องกัน Virus (Antivirus) รุ่นล่าสุดพร้อมติดตั้ง (License สำหรับ 1 ปี),ยี่ห้อ Kaspersky รุ่น Endpoint Security for Business,,,กองนโยบายพัฒนาระบบการเงินภาคประชาชน,
609,117,61001-0127,NO,6,,ชุดโปรแกรมป้องกัน Virus (Antivirus) รุ่นล่าสุดพร้อมติดตั้ง (License สำหรับ 1 ปี),ยี่ห้อ Kaspersky รุ่น Endpoint Security for Business,,,กองนโยบายพัฒนาระบบการเงินภาคประชาชน,
610,118,61001-0128,NO,6,,ชุดโปรแกรมป้องกัน Virus (Antivirus) รุ่นล่าสุดพร้อมติดตั้ง (License สำหรับ 1 ปี),ยี่ห้อ Kaspersky รุ่น Endpoint Security for Business,,,กองนโยบายพัฒนาระบบการเงินภาคประชาชน,
611,119,61001-0129,NO,6,,ชุดโปรแกรมป้องกัน Virus (Antivirus) รุ่นล่าสุดพร้อมติดตั้ง (License สำหรับ 1 ปี),ยี่ห้อ Kaspersky รุ่น Endpoint Security for Business,,,กองนโยบายพัฒนาระบบการเงินภาคประชาชน,
612,120,61001-0130,NO,6,,ชุดโปรแกรมป้องกัน Virus (Antivirus) รุ่นล่าสุดพร้อมติดตั้ง (License สำหรับ 1 ปี),ยี่ห้อ Kaspersky รุ่น Endpoint Security for Business,,,กองนโยบายพัฒนาระบบการเงินภาคประชาชน,
